업종,가게이름,평가점수,평가인원,리뷰갯수,주소,Latitude,Longitude,전화,영업시간,링크주소
치킨,한남동한방통닭,4,126,299,서울 용산구 대사관로34길 38,37.5315144,127.0055198,02-797-8677,영업시간 월~토 17:00 ~ 02:00,https://place.map.kakao.com/16330571#review
치킨,계열사,2.8,124,237,서울 종로구 백석동길 7,37.5928384,126.9655941,02-391-3566,매일 12:00 ~ 23:30,https://place.map.kakao.com/21303463#review
치킨,서울숲 누룽지통닭구이,3.7,50,216,서울 성동구 왕십리로5길 10,37.5469252,127.0443992,02-462-9920,"영업시간 토,일 15:00 ~ 02:00",https://place.map.kakao.com/27417406#review
치킨,양키통닭,4.1,116,150,서울 영등포구 도림로139길 13 1층,37.5136237,126.8927442,070-8800-0815,토 16:00 ~ 01:00,https://place.map.kakao.com/1142427389#review
치킨,장작집,4,31,122,서울 마포구 월드컵북로6길 19,37.5582874,126.9195268,010-3336-8844,,https://place.map.kakao.com/1191541006#review
치킨,미락치킨 경복궁본점,3.2,40,119,서울 종로구 자하문로 17-1,37.5775919,126.9718766,02-736-6741,매일 14:00 ~ 02:00,https://place.map.kakao.com/380922242#review
치킨,크레이지후라이 무교점,3.9,7,113,서울 중구 남대문로9길 24 패스트파이브타워 1층,37.567102,126.9811195,02-773-7979,토 12:00 ~ 22:00,https://place.map.kakao.com/1629100995#review
치킨,철인7호치킨 홍대점,5,1394,103,서울 마포구 양화로6길 99-3 반지하,37.5484977,126.9197702,02-324-7175,영업시간 매일 16:00 ~ 02:00,https://place.map.kakao.com/26871883#review
치킨,맛나닭가마솥치킨,5,6,102,서울 송파구 마천로51길 23 1층,37.4969208,127.1521826,02-449-6999,매일 12:30 ~ 24:00,https://place.map.kakao.com/27227401#review
치킨,보드람치킨 영등포구청점,3.5,4,84,서울 영등포구 국회대로34길 18 1층,37.5259262,126.8971476,02-2677-2848,매일 12:00 ~ 02:00,https://place.map.kakao.com/1196749962#review
치킨,네키드윙즈,4.3,35,83,서울 용산구 녹사평대로 174-11 1층,37.5337848,126.9893551,,금~일 11:30 ~ 23:00,https://place.map.kakao.com/931679409#review
치킨,유진치킨 홍제점,2.9,18,79,서울 서대문구 세무서7길 13,37.5914212,126.9460607,02-394-9300,화~일 14:00 ~ 23:00,https://place.map.kakao.com/1069880159#review
치킨,동경통닭,2.8,12,78,서울 동대문구 홍릉로1길 46 청량리전통시장 A동 1층,37.5804274,127.0423579,02-963-6880,매일 10:00 ~ 23:00,https://place.map.kakao.com/21402235#review
치킨,인근주민 상도점,4.7,29,74,서울 동작구 양녕로 265 1층,37.5036994,126.9482304,02-817-8599,매일 15:00 ~ 03:00,https://place.map.kakao.com/1446660533#review
치킨,양재닭집,3.1,47,73,서울 서초구 남부순환로356길 15 양재시장 지하 1층,37.4842682,127.0378827,02-572-1741,월~토 12:00 ~ 24:00,https://place.map.kakao.com/12428506#review
치킨,대한맥주집 성신여대직영점,4.2,25,71,서울 성북구 동소문로24길 49,37.5914423,127.0187299,02-924-0815,매일 16:00 ~ 02:00,https://place.map.kakao.com/1436558312#review
치킨,한신치킨,4,11,71,서울 서초구 신반포로23길 30,37.5087472,127.0035315,02-596-5990,매일 11:00 ~ 01:00,https://place.map.kakao.com/8611462#review
치킨,천호누룽지통닭구이 성내점,3.9,8,62,서울 강동구 천호옛14길 35,37.5359931,127.127429,02-474-9279,영업시간 매일 17:30 ~ 24:00,https://place.map.kakao.com/1758178236#review
치킨,남원통닭,4.3,14,62,서울 동대문구 홍릉로1길 39,37.5803749,127.0427672,02-968-9841,매일 10:00 ~ 22:00,https://place.map.kakao.com/27323391#review
치킨,계림원 회기역점,4.4,12,62,서울 동대문구 회기로28길 9,37.5894272,127.0562616,02-959-9292,영업시간 매일 17:00 ~ 02:00,https://place.map.kakao.com/1668979298#review
치킨,미친닭 종각본점,3.7,23,61,서울 종로구 우정국로2길 16 1층,37.5694118,126.9838897,02-722-9992,매일 14:00 ~ 00:00,https://place.map.kakao.com/26884480#review
치킨,도담치킨 한양대점,4,12,60,서울 성동구 마조로1가길 14,37.5602607,127.0400693,02-2295-9253,영업시간 매일 16:00 ~ 02:00,https://place.map.kakao.com/1609269590#review
치킨,문래동원조마늘통닭 문래본점,2.8,25,55,서울 영등포구 도림로 469-1,37.5158263,126.8911619,02-2637-3480,영업시간 월~토 16:00 ~ 02:00,https://place.map.kakao.com/8477571#review
치킨,노랑통닭 중계점,3.7,3,55,서울 노원구 한글비석로 245 두타빌 B동 1층,37.6495775,127.076352,02-933-9215,영업시간 매일 15:00 ~ 01:00,https://place.map.kakao.com/16589600#review
치킨,강남촌닭 군자점,0,0,52,"서울 광진구 천호대로 570 1,2층",37.5560906,127.081051,02-3436-9955,매일 14:00 ~ 02:00,https://place.map.kakao.com/25413056#review
치킨,고가네숯불구이통닭,3.1,20,52,서울 동작구 상도로 136,37.5021223,126.935019,02-825-0095,,https://place.map.kakao.com/16043925#review
치킨,꼬랑치킨,3,12,52,서울 성동구 행당로17길 11,37.5593814,127.0333507,02-2298-8498,영업시간 매일 16:00 ~ 03:00,https://place.map.kakao.com/8824523#review
치킨,감계무량 당산본점,3.8,20,50,"서울 영등포구 당산로45길 2-1 지하1,지상1층",37.5334463,126.9010241,02-2634-7708,월~토 15:00 ~ 01:00,https://place.map.kakao.com/352486952#review
치킨,엉터리통닭,2.2,32,48,서울 용산구 회나무로 38-1,37.5395986,126.9907567,02-790-7737,영업시간 매일 15:00 ~ 06:00,https://place.map.kakao.com/1768894016#review
치킨,사이치킨,3.9,28,46,서울 종로구 백석동길 1,37.5949018,126.968743,,,https://place.map.kakao.com/9621624#review
치킨,치킨곱하기떡볶이 왕십리본점,0,0,45,서울 성동구 마장로 137 텐즈힐상가 B동 1층 142호,37.5663079,127.0369547,02-2299-4590,매일 12:00 ~ 24:00,https://place.map.kakao.com/881722306#review
치킨,오늘통닭 우이직영점,1,1,44,서울 도봉구 삼양로 538 1층,37.6510179,127.0131597,02-999-2155,매일 12:00 ~ 02:00,https://place.map.kakao.com/2052566064#review
치킨,아웃닭 신촌역점,2.7,19,43,서울 서대문구 연세로4길 19 1층,37.5573377,126.9377977,,영업시간 매일 16:00 ~ 02:00,https://place.map.kakao.com/838351158#review
치킨,달가득치킨,3.6,16,41,서울 은평구 연서로28길 10 1층,37.6177612,126.9209684,02-6101-9390,"월,수,목,금,토,일 14:30 ~ 01:30",https://place.map.kakao.com/1477357176#review
치킨,낭만치맥 가양본점,3.8,5,36,서울 강서구 양천로 492 길훈엔트러스빌 1층 101호,37.5690471,126.8225313,02-3664-5152,영업시간 매일 15:00 ~ 02:00,https://place.map.kakao.com/26486769#review
치킨,굽네치킨 염창역점,3.7,13,34,서울 양천구 공항대로 644,37.546679,126.8764282,02-2648-9294,매일 12:00 ~ 23:00,https://place.map.kakao.com/514579645#review
치킨,명가통닭 본점,3.3,6,33,서울 동대문구 전농로 105 1층,37.5742909,127.057304,02-2215-3333,매일 13:00 ~ 24:00,https://place.map.kakao.com/1047284842#review
치킨,참나무숯불통닭,4.8,16,32,서울 영등포구 도림로 382,37.5050273,126.8975225,02-836-8228,영업시간 월~토 17:00 ~ 01:00,https://place.map.kakao.com/24769374#review
치킨,꼬꼬아찌숯불치킨 왕십리한양대점,1.9,9,32,서울 성동구 마조로1가길 7 사임당빌딩 1층,37.560451,127.039759,02-2293-8567,매일 15:00 ~ 02:00,https://place.map.kakao.com/1229275513#review
치킨,아웃닭 연신내점,4.2,9,31,서울 은평구 연서로29길 20-7 1층,37.6196497,126.9183981,02-6338-4469,"영업시간 토,일 15:00 ~ 01:00",https://place.map.kakao.com/838438667#review
치킨,한국통닭 종로3호점,4.4,21,31,서울 종로구 수표로 110-1,37.5710423,126.9894043,,매일 10:00 ~ 23:00,https://place.map.kakao.com/27494693#review
치킨,삼우치킨,3.3,12,31,서울 영등포구 시흥대로 671,37.4915989,126.9081623,02-844-9292,매일 13:00 ~ 01:00,https://place.map.kakao.com/10432160#review
치킨,감미치킨,4.1,16,31,서울 송파구 토성로 55,37.5293268,127.116351,02-488-1294,,https://place.map.kakao.com/16047009#review
치킨,계림원 남영숙대점,4,9,30,서울 용산구 한강대로87길 8,37.5444146,126.9714294,02-704-4747,영업시간 매일 17:00 ~ 02:00,https://place.map.kakao.com/27277069#review
치킨,닭만리 성신여대점,2.6,8,30,서울 성북구 보문로30라길 14 1층,37.5899521,127.0189634,0507-1327-2590,영업시간 매일 17:00 ~ 24:00,https://place.map.kakao.com/477769582#review
치킨,이수통닭 본점,3.1,28,30,"서울 서초구 방배천로 92 세앙아르비체 102동 107,108호",37.4845914,126.9833797,02-581-8892,영업시간 매일 15:00 ~ 01:30,https://place.map.kakao.com/762088017#review
치킨,깐부치킨 동대문역사문화공원역점,4,4,30,서울 중구 마른내로 146,37.5644862,127.0041286,02-989-8254,,https://place.map.kakao.com/255418185#review
치킨,우디가이드,3.4,5,29,서울 송파구 올림픽로 607 2층,37.5359892,127.1221607,02-488-1123,,https://place.map.kakao.com/264811039#review
치킨,다글다글,4.7,49,28,서울 관악구 남현길 63-5 1층,37.4740884,126.9762401,02-583-3231,매일 12:00 ~ 24:00,https://place.map.kakao.com/18358291#review
치킨,삼성통닭 본점,3.6,20,27,서울 성북구 고려대로24길 60,37.5834169,127.0293206,02-922-0077,매일 10:00 ~ 05:00,https://place.map.kakao.com/946837172#review
치킨,바른치킨 종각역점,4.8,16,25,서울 종로구 인사동3길 35 1층,37.5714629,126.9849723,02-722-7778,월~토 15:00 ~ 01:00,https://place.map.kakao.com/2036009778#review
치킨,BBQ 석촌2점,2,4,24,서울 송파구 석촌호수로18길 11,37.5059502,127.1012342,02-422-6459,매일 10:30 ~ 01:30,https://place.map.kakao.com/27407250#review
치킨,가본통닭,4.7,10,23,서울 동작구 노량진로26길 22,37.511407,126.9545244,02-812-7908,매일 12:00 ~ 21:00,https://place.map.kakao.com/12567362#review
치킨,종구네통닭,4.6,14,23,서울 동대문구 홍릉로1길 47,37.5801539,127.0422934,02-967-8449,매일 11:30 ~ 22:00,https://place.map.kakao.com/27446296#review
치킨,치킨선수 월곡점,4.3,3,23,서울 성북구 화랑로13길 7 2층,37.6037251,127.0425236,02-3292-3292,"영업시간 월,화,목,금,토,일 15:00 ~ 24:00",https://place.map.kakao.com/2093066276#review
치킨,참나무한방통닭 종로점,3.9,8,22,서울 종로구 돈화문로11길 23 1층 101호,37.572315,126.9901999,02-766-5592,매일 16:00 ~ 01:00,https://place.map.kakao.com/1239998911#review
치킨,금강바비큐치킨,4,13,22,서울 서초구 사평대로 349,37.5037705,127.0212934,02-511-0976,매일 11:00 ~ 07:00,https://place.map.kakao.com/2067214806#review
치킨,교촌치킨 등촌점,2.6,18,20,"서울 강서구 공항대로 509 우림보보카운티뷰 1동 1층 108-1,2호",37.5519512,126.8635645,02-2647-2328,매일 12:00 ~ 24:00,https://place.map.kakao.com/26486769#review
치킨,맥쓰 제기동점,1,1,20,서울 동대문구 왕산로 86 동대문푸르지오시티 오피스텔동 1층 108호,37.5777291,127.0328044,02-953-9897,영업시간 월~토 17:00 ~ 24:00,https://place.map.kakao.com/15772665#review
치킨,오븐에빠진닭 명동점,1.2,5,20,서울 중구 명동7길 21,37.5646918,126.9838429,02-3789-5892,,https://place.map.kakao.com/654839139#review
치킨,치르치르 명동역점,3.5,4,20,서울 중구 명동8가길 7 3층,37.5617209,126.9853909,02-3789-9737,매일 12:00 ~ 03:00,https://place.map.kakao.com/24484563#review
치킨,처갓집양념치킨 풍납점,3,2,20,"서울 송파구 올림픽로45길 21 1층 102, 103호",37.5272843,127.11578,0507-744-9927,매일 08:30 ~ 06:30,https://place.map.kakao.com/16061966#review
치킨,교촌치킨 안국점,5,1,20,서울 종로구 북촌로5길 43 1층,37.5792971,126.9825315,02-734-9992,"월,화,수,금,토,일 11:00 ~ 24:00",https://place.map.kakao.com/1859135475#review
치킨,맥쓰세계치킨 답십리점,0,0,19,서울 동대문구 답십리로 140 세기프라자 1층,37.5725253,127.0556845,02-2212-7277,영업시간 매일 16:00 ~ 01:00,https://place.map.kakao.com/732615149#review
치킨,참나라숯불바베큐치킨통닭,4,3,19,서울 영등포구 당산로 111 1층,37.5246812,126.8960165,02-3667-9292,월~토 15:00 ~ 01:00,https://place.map.kakao.com/1196749962#review
치킨,아웃닭 이대점,4.2,23,19,서울 서대문구 이화여대5길 16,37.5583996,126.9447807,02-363-4375,매일 14:30 ~ 24:00,https://place.map.kakao.com/651885428#review
치킨,푸라닭치킨 대방점,3.9,8,18,서울 영등포구 가마산로89길 8 1층,37.5049113,126.9217408,02-833-9206,영업시간 금~일 15:00 ~ 02:00,https://place.map.kakao.com/16376564#review
치킨,리얼후라이 중앙대본점,3.3,7,18,서울 동작구 흑석로 113 1층,37.5086866,126.9613522,02-813-1804,영업시간 매일 16:00 ~ 02:00,https://place.map.kakao.com/23925462#review
치킨,바른치킨 종로3가점,1.5,31,17,서울 종로구 수표로 105 육의전빌딩 1층,37.5705109,126.9891149,02-766-5851,매일 14:00 ~ 01:00,https://place.map.kakao.com/649026620#review
치킨,당신은지금치킨이땡긴다,1,1,17,서울 마포구 서강로9길 17 신촌금호아파트 104동 지하1층 주방18호,37.5526746,126.93203,,매일 15:00 ~ 24:00,https://place.map.kakao.com/17723918#review
치킨,광화문키친 본점,1,2,16,서울 종로구 삼봉로 81 두산위브파빌리온 1층 101호,37.5724549,126.9818024,02-738-8292,토 16:00 ~ 22:00,https://place.map.kakao.com/1731618497#review
치킨,삼통치킨 안암본점,3.9,14,16,서울 성북구 고려대로 92,37.589116,127.0182146,,매일 14:00 ~ 05:00,https://place.map.kakao.com/8556517#review
치킨,장구통,3.7,3,16,서울 은평구 진흥로 61,37.6025619,126.9206829,02-389-6692,,https://place.map.kakao.com/27197008#review
치킨,라피노야채치킨 공항점,4.4,7,15,서울 강서구 공항대로8길 11,37.5605323,126.8123614,02-2664-0868,월~토 12:00 ~ 24:00,https://place.map.kakao.com/8343780#review
치킨,참나무닭나라,4.8,17,15,서울 성북구 동소문로8길 12,37.5892652,127.0096491,02-766-9192,,https://place.map.kakao.com/427186769#review
치킨,경성치킨,3.2,15,15,"서울 종로구 율곡로4길 5 1,2층",37.575167,126.9822504,02-733-3365,,https://place.map.kakao.com/12098170#review
치킨,교촌치킨 숙대점,3.8,6,15,"서울 용산구 청파로47길 14 1, 2층",37.5449111,126.9696855,02-707-2577,매일 12:00 ~ 24:00,https://place.map.kakao.com/11245716#review
치킨,뽀뽀 치킨호프 본점,2.6,8,15,서울 중구 퇴계로 68-1,37.5591077,126.9797287,,매일 11:00 ~ 05:00,https://place.map.kakao.com/11486127#review
치킨,교촌치킨 발산점,1.3,6,14,서울 강서구 공항대로42길 12,37.5574211,126.8437684,02-2663-6077,매일 12:00 ~ 24:00,https://place.map.kakao.com/21239224#review
치킨,교촌치킨 대조점,2.7,11,14,서울 은평구 서오릉로 94 삼성타운아파트상가동 101호,37.608995,126.9216444,02-355-6173,매일 12:00 ~ 24:00,https://place.map.kakao.com/20524191#review
치킨,60계 마포역점,3.7,16,14,서울 마포구 마포대로4가길 11,37.5379378,126.9451725,02-716-6026,"토,일 12:00 ~ 23:00",https://place.map.kakao.com/2088300424#review
치킨,호치킨 문정점,4.3,3,14,서울 송파구 새말로8길 22,37.4809148,127.1265118,02-448-9393,,https://place.map.kakao.com/790176691#review
치킨,다코기 숙대점,3.8,4,14,서울 용산구 청파로45길 32,37.5445951,126.9688796,02-718-7888,,https://place.map.kakao.com/13572571#review
치킨,푸라닭치킨 개봉1호점,3.8,6,13,서울 구로구 경인로31길 68,37.5002103,126.8491399,02-2611-1519,매일 14:00 ~ 02:00,https://place.map.kakao.com/1806398039#review
치킨,순수치킨 상도점,5,1,13,서울 동작구 상도로38가길 5,37.5024448,126.947583,02-826-3392,매일 12:00 ~ 01:00,https://place.map.kakao.com/1236700368#review
치킨,호치킨 중앙대점,2.8,10,13,서울 동작구 서달로 165-1,37.5079828,126.9626751,02-3280-1550,매일 13:00 ~ 01:00,https://place.map.kakao.com/13081848#review
치킨,BBQ 성신여대점,2.5,13,12,서울 성북구 동소문로23길 4 1층,37.5938304,127.0177983,02-923-9282,화~일 14:00 ~ 24:00,https://place.map.kakao.com/1361947265#review
치킨,BHC치킨 숭실대점,2.3,21,12,서울 동작구 사당로 28,37.4811093,126.9794196,02-815-8799,매일 12:00 ~ 24:00,https://place.map.kakao.com/1236700368#review
치킨,교촌치킨 신대방점,2.2,10,12,서울 동작구 시흥대로 650,37.4894765,126.9073327,02-846-9992,매일 12:00 ~ 00:00,https://place.map.kakao.com/26644160#review
치킨,치킨인더키친 경복궁역점,4.6,9,12,서울 종로구 자하문로 20-1,37.5779193,126.9722264,,매일 15:00 ~ 02:00,https://place.map.kakao.com/26844956#review
치킨,계인전,4.1,12,11,서울 용산구 장문로 84 1층,37.5259352,126.9989077,070-7783-7007,영업시간 화~일 18:00 ~ 24:00,https://place.map.kakao.com/10710865#review
치킨,계림원 동대문점,2.6,5,11,서울 종로구 종로46길 22,37.5706038,127.0101849,02-744-9229,영업시간 매일 16:00 ~ 24:00,https://place.map.kakao.com/11593474#review
치킨,치킨플러스 홍대점,3.3,6,11,서울 마포구 와우산로30길 3 1층 102호,37.5544303,126.930238,02-336-7567,매일 13:00 ~ 23:00,https://place.map.kakao.com/17723918#review
치킨,푸라닭치킨 오류점,5,9,11,서울 구로구 천왕로 106 골드프라자 1층 105호,37.4954031,126.887369,02-2066-9206,,https://place.map.kakao.com/1802354603#review
치킨,지코바 거여1호점,0,0,10,서울 송파구 거마로 29,37.4955639,127.1438324,02-404-9280,매일 12:00 ~ 23:30,https://place.map.kakao.com/1365991125#review
치킨,푸라닭치킨 독립문역점,2.1,8,10,서울 종로구 송월길 99 1층 2101호,37.5707053,126.9644592,02-722-9206,매일 14:00 ~ 24:00,https://place.map.kakao.com/1738075944#review
치킨,원조전기마늘통닭 대림역본점,2.1,7,10,서울 구로구 도림천로 336,37.4949733,126.8937332,02-862-9233,,https://place.map.kakao.com/16502398#review
치킨,계성치킨 직영점,2.7,3,10,서울 관악구 남현길 18,37.4757499,126.9771705,02-585-9858,매일 12:00 ~ 24:00,https://place.map.kakao.com/19959503#review
치킨,푸라닭치킨 불광점,0,0,10,서울 은평구 불광로 90 대호프라자아파트 124호,37.6147032,126.9329567,02-356-9206,매일 11:00 ~ 01:00,https://place.map.kakao.com/1240828186#review
치킨,낭만치맥 영등포아크로타워점,4,4,10,서울 영등포구 국회대로54길 10 아크로타워스퀘어 1층 8호,37.5244579,126.9076599,02-2632-0425,매일 16:00 ~ 02:00,https://place.map.kakao.com/1314674415#review
치킨,동대문치킨,3,2,10,서울 종로구 종로 284,37.5707204,127.0101223,,매일 00:00 ~ 24:00,https://place.map.kakao.com/11593474#review
치킨,이춘봉인생치킨 왕십리점,3,2,10,서울 성동구 무학봉길 64 1층,37.5606604,127.0298899,02-2282-1992,영업시간 매일 16:00 ~ 02:00,https://place.map.kakao.com/1282214080#review
치킨,BHC치킨 태릉입구점,1.9,13,9,서울 노원구 공릉로 109 1층,37.6200889,127.0777185,02-949-9222,화~토 14:00 ~ 23:00,https://place.map.kakao.com/1422521863#review
치킨,BHC치킨 성신여대점,1.4,19,9,서울 성북구 동소문로20길 37-8,37.5908657,127.0173379,02-921-7979,매일 12:00 ~ 24:00,https://place.map.kakao.com/21932125#review
치킨,교촌치킨 묵동점,2,16,9,서울 중랑구 동일로 920 1층,37.6125542,127.0775737,02-948-1992,매일 12:00 ~ 24:00,https://place.map.kakao.com/14090913#review
치킨,바른치킨 잠실점,3,3,9,서울 송파구 삼전로 82 1층,37.505637,127.0895147,02-424-5851,매일 12:00 ~ 22:00,https://place.map.kakao.com/21289693#review
치킨,광화문치킨뽀끼 종로구청점,0,0,9,"서울 종로구 삼봉로 81 두산위브파빌리온 1층 143,144호",37.5724549,126.9818024,,월~토 11:00 ~ 02:00,https://place.map.kakao.com/16819196#review
치킨,페리카나 왕십리점,3,1,9,서울 성동구 무학봉15길 23,37.5631509,127.0303273,02-2293-8310,,https://place.map.kakao.com/1939894353#review
치킨,치킨매니아 길음점,4.3,3,8,"서울 성북구 동소문로 248 31,32호",37.602671,127.0236243,02-915-9914,매일 14:00 ~ 01:00,https://place.map.kakao.com/648711958#review
치킨,BHC치킨 당산점,2.8,6,8,서울 영등포구 당산로49길 9,37.5356001,126.9019328,02-2677-9290,매일 12:00 ~ 24:00,https://place.map.kakao.com/1885379343#review
치킨,훌랄라참숯불치킨 도림2점,5,1,8,서울 영등포구 도신로29길 6,37.5090263,126.9052777,02-831-9285,영업시간 매일 16:00 ~ 24:00,https://place.map.kakao.com/20528806#review
치킨,BHC치킨 명일점,2.5,8,8,서울 강동구 구천면로 502 1층,37.5490028,127.1539741,02-429-9279,매일 12:00 ~ 24:00,https://place.map.kakao.com/1684336606#review
치킨,푸라닭치킨 방학점,3.5,8,8,서울 도봉구 도봉로150길 31 1층 114호,37.6664804,127.0448997,02-956-9206,영업시간 매일 16:00 ~ 24:00,https://place.map.kakao.com/21327107#review
치킨,한국통닭 숭인동2호점,4.7,3,8,서울 종로구 종로 350,37.5729397,127.0163792,,매일 10:00 ~ 23:00,https://place.map.kakao.com/26975268#review
치킨,후라이드참잘하는집 공덕점,3.2,12,8,서울 마포구 만리재옛길 42,37.5476139,126.9567122,02-711-1666,매일 13:30 ~ 01:00,https://place.map.kakao.com/254844306#review
치킨,원조숯불통닭바베큐,4.6,5,8,서울 용산구 효창원로 97,37.5373562,126.9597428,02-716-4073,"월,수,목,금,토,일 16:00 ~ 23:00",https://place.map.kakao.com/15400084#review
치킨,교촌치킨 잠실2호점,2.7,13,8,서울 송파구 올림픽로35가길 9 잠실푸르지오월드마크 상가 1층,37.5175312,127.103575,02-417-9225,매일 12:00 ~ 24:00,https://place.map.kakao.com/224458123#review
치킨,티바두마리치킨 안암보문점,5,2,8,서울 성북구 안암로9가길 1 삼익아파트 5호,37.5814903,127.0248817,02-921-9288,매일 15:00 ~ 01:00,https://place.map.kakao.com/26305900#review
치킨,멕시카나치킨 종로점,4.7,6,8,서울 종로구 동순라길 102 1층,37.5751656,126.9959712,02-3673-0077,,https://place.map.kakao.com/64664225#review
치킨,굽네치킨 강남세곡점,3.6,11,8,"서울 강남구 밤고개로 227 지상1층 105호,106호",37.4737808,127.1065697,02-6952-7494,매일 12:00 ~ 24:00,https://place.map.kakao.com/771699447#review
치킨,옹골진치킨 외대점,5,8,8,서울 동대문구 이문로28길 15 2층,37.5954873,127.0607407,02-962-7292,,https://place.map.kakao.com/437660159#review
치킨,치킨플러스 성산점,5,5,8,서울 마포구 성암로7길 22 백명트랜디아파트상가 101호,37.5696474,126.9064953,02-309-9255,매일 15:00 ~ 01:00,https://place.map.kakao.com/1337488203#review
치킨,교촌치킨 동대문1호점,3.4,10,8,서울 종로구 종로 294 2층,37.5712073,127.0106909,02-2231-9337,매일 00:00 ~ 24:00,https://place.map.kakao.com/16039118#review
치킨,바른치킨 송파풍납점,3,3,8,서울 송파구 풍성로26길 53,37.5295098,127.1163613,02-472-3232,,https://place.map.kakao.com/2049103231#review
치킨,BBQ 홍은점,1.7,3,8,서울 서대문구 통일로 510 북한산더샵 상가동 지하2층 117-A호,37.5927053,126.9416772,02-379-4236,매일 10:30 ~ 05:00,https://place.map.kakao.com/1036820213#review
치킨,자담치킨 서울양천향교점,4.3,7,7,서울 강서구 강서로 511 104호,37.5709705,126.8414444,02-3662-1636,매일 15:00 ~ 11:00,https://place.map.kakao.com/27383306#review
치킨,천하일미강정치킨 거여점,2.9,7,7,서울 송파구 거마로 6 1층,37.4935386,127.1448589,02-6225-1554,매일 15:00 ~ 02:00,https://place.map.kakao.com/1365991125#review
치킨,후라이드참잘하는집 서강대점,3.6,10,7,서울 마포구 독막로 151,37.5476528,126.93025,02-336-6668,매일 11:00 ~ 01:00,https://place.map.kakao.com/18767001#review
치킨,계동치킨 금호점,5,5,7,서울 성동구 장터길 33,37.5484193,127.0196812,02-2232-9245,매일 14:00 ~ 01:30,https://place.map.kakao.com/20610781#review
치킨,한국통닭 신촌점,3.2,12,7,서울 마포구 신촌로 76 1층,37.5557273,126.9342735,,매일 11:00 ~ 23:30,https://place.map.kakao.com/763496937#review
치킨,계모임,4.4,7,7,서울 중구 중림로 39 1층 2호,37.5578358,126.9676468,02-6338-9652,,https://place.map.kakao.com/27276847#review
치킨,60계 문래점,2.9,14,7,서울 영등포구 문래로 33 문래크라운팰리스 101동 101호,37.5190993,126.8945465,02-2633-6099,매일 12:00 ~ 23:30,https://place.map.kakao.com/1124103831#review
치킨,순수치킨 보문점,3,2,7,서울 성북구 보문로13나길 16,37.5794098,127.0217635,02-924-3392,"토,일 12:00 ~ 00:30",https://place.map.kakao.com/1993921442#review
치킨,60계 서울아현점,2.8,5,7,서울 마포구 마포대로 173-15 상가동 104호,37.5498579,126.9544187,02-702-2380,,https://place.map.kakao.com/8186226#review
치킨,더블플레이치킨 염창점,0,0,7,서울 강서구 양천로73길 5 삼성하나로아파트상가동 1층,37.5516302,126.8717139,02-6013-9321,"영업시간 금,토 16:00 ~ 02:00",https://place.map.kakao.com/1068147074#review
치킨,치킨플러스 응봉점,0,0,7,서울 성동구 독서당로 380,37.5496984,127.0307676,02-2298-0515,,https://place.map.kakao.com/483605972#review
치킨,한강치킨 본점,1.9,27,7,서울 용산구 이촌로75길 12,37.5203788,126.9742708,02-795-2668,매일 12:00 ~ 02:00,https://place.map.kakao.com/11892440#review
치킨,마틸다바베큐치킨 본점,4.7,6,7,서울 서초구 신반포로 219 반포쇼핑타운 8동 지하 5~8호,37.5057649,127.0023022,02-594-7592,매일 15:00 ~ 24:00,https://place.map.kakao.com/20545308#review
치킨,삼보치킨호프,3.8,4,7,서울 종로구 종로33길 4,37.5712835,127.0015499,02-764-9292,매일 11:30 ~ 23:00,https://place.map.kakao.com/8549504#review
치킨,오븐에빠진닭 경복궁역점,3,1,7,서울 종로구 자하문로 5 2층,37.5765812,126.9722165,02-738-5892,매일 15:00 ~ 02:00,https://place.map.kakao.com/1279070934#review
치킨,매일치킨,4.7,3,7,서울 종로구 율곡로19길 9,37.5759599,127.0054,02-763-4636,영업시간 월~토 17:00 ~ 04:00,https://place.map.kakao.com/9027240#review
치킨,교촌치킨 왕십리1호점,2.4,18,7,서울 성동구 왕십리로 363 1층,37.5639775,127.0297054,02-2293-9985,매일 12:00 ~ 24:00,https://place.map.kakao.com/8211598#review
치킨,치킨마루 왕십리센트라스점,4.5,2,7,서울 성동구 왕십리로 410 상가 H동 B01호,37.5549336,127.0367427,02-2282-3323,,https://place.map.kakao.com/1939894353#review
치킨,푸라닭치킨 장안1호점,3,5,7,서울 동대문구 한천로 264 106호,37.5842639,127.0683488,02-2242-9206,매일 12:00 ~ 24:00,https://place.map.kakao.com/1034643626#review
치킨,푸라닭치킨 숙명여대점,5,3,6,서울 용산구 한강대로 332,37.547899,126.9720627,02-772-9207,매일 12:00 ~ 24:00,https://place.map.kakao.com/1886232596#review
치킨,오븐에빠진닭 서울역점,1,2,6,서울 중구 세종대로 7,37.5609468,126.9724922,02-776-5892,매일 14:30 ~ 01:00,https://place.map.kakao.com/10815460#review
치킨,후라이드참잘하는집 한성대점,4.2,9,6,서울 성북구 동소문로6길 22 1층,37.588203,127.0084799,02-3673-1112,매일 13:00 ~ 12:50,https://place.map.kakao.com/20944991#review
치킨,쌀쌀맞은닭 서울역점,4,1,6,서울 용산구 후암로 107 1층,37.5534569,126.973546,,,https://place.map.kakao.com/10584633#review
치킨,교촌치킨 문래점,1.7,22,6,서울 영등포구 선유로 62,37.5193687,126.8895767,02-2672-7676,매일 12:00 ~ 00:00,https://place.map.kakao.com/1234283791#review
치킨,오이씨통치킨 문래점,3.7,3,6,서울 영등포구 선유서로 35 상가동 10-1호,37.5192004,126.8840565,02-2636-9955,매일 14:00 ~ 23:30,https://place.map.kakao.com/1401998145#review
치킨,광고두부자통닭,3,2,6,서울 강북구 솔매로45길 98,37.6303174,127.0239527,02-985-5050,,https://place.map.kakao.com/1854246517#review
치킨,봉구통닭 아현역점,4.5,2,6,서울 서대문구 신촌로37안길 6 1층,37.5579422,126.9565864,,영업시간 화~일 15:00 ~ 01:00,https://place.map.kakao.com/620259976#review
치킨,청년치킨,4.2,6,6,서울 서대문구 북아현로 8-2,37.558211,126.9565124,02-365-8808,,https://place.map.kakao.com/1259612619#review
치킨,BBQ 효자점,3.6,10,6,서울 종로구 필운대로 59,37.5812266,126.9683531,02-723-3785,매일 11:00 ~ 23:00,https://place.map.kakao.com/8578395#review
치킨,닭터누룽지통닭구이,5,4,6,서울 중랑구 용마산로129나길 3,37.6072497,127.0998468,02-433-3914,,https://place.map.kakao.com/8093445#review
치킨,지코바 양평점,4.5,13,6,서울 영등포구 양평로 109 1층,37.5369899,126.895206,02-2068-9282,화~일 14:00 ~ 24:00,https://place.map.kakao.com/394972486#review
치킨,치맥라이프,4.8,5,6,서울 용산구 신흥로 54,37.543073,126.987805,070-4212-9200,"영업시간 토,일 15:00 ~ 03:00",https://place.map.kakao.com/26993981#review
치킨,치르치르&뉴욕야시장 명동본점,2.8,4,6,서울 중구 명동7길 21 명동아르누보센텀 115호,37.5646918,126.9838429,02-773-0101,매일 15:00 ~ 02:00,https://place.map.kakao.com/654839139#review
치킨,호치킨 천왕역점,2.3,4,6,서울 구로구 오리로 1149,37.4943867,126.8325917,02-2681-5727,매일 13:00 ~ 01:00,https://place.map.kakao.com/25534220#review
치킨,맥시칸치킨 대학로점,5,2,6,서울 종로구 율곡로17길 4-35,37.5761282,127.0055857,02-764-3318,매일 11:00 ~ 24:00,https://place.map.kakao.com/1052329924#review
치킨,계동치킨 충정로점,2.5,4,6,서울 서대문구 통일로9안길 37,37.5658485,126.9657625,02-312-8040,,https://place.map.kakao.com/23182533#review
치킨,쌀통닭 개포역점,4,4,5,서울 강남구 개포로82길 13-9,37.4886247,127.0677433,02-3411-5235,매일 12:00 ~ 24:00,https://place.map.kakao.com/1976102113#review
치킨,미림치킨,5,1,5,서울 구로구 고척로33길 98 1층,37.50679,126.8472326,02-2685-6796,,https://place.map.kakao.com/16591651#review
치킨,BHC치킨 동대문점,2.2,6,5,서울 중구 을지로44길 10 2층,37.5656975,127.0064148,02-2278-0053,매일 12:00 ~ 24:00,https://place.map.kakao.com/10859202#review
치킨,더맛존숯불바베큐,3,1,5,서울 중구 을지로44길 15,37.5653623,127.0066174,02-2266-1510,,https://place.map.kakao.com/15529823#review
치킨,교촌치킨 금호역점,1.5,8,5,서울 성동구 장터길 26,37.5481924,127.0187336,02-2296-5992,매일 12:00 ~ 00:30,https://place.map.kakao.com/8672130#review
치킨,교촌치킨 길1호점,2.8,6,5,서울 강동구 천중로 201,37.541047,127.1425491,02-473-0092,매일 12:00 ~ 24:00,https://place.map.kakao.com/16054168#review
치킨,둘둘치킨 명동본점,3.4,11,5,서울 중구 퇴계로20길 5 1층,37.559886,126.9857712,02-772-9377,,https://place.map.kakao.com/23965613#review
치킨,후라이드참잘하는집 영등포점,4.7,7,5,서울 영등포구 당산로28길 18-1 1층,37.5243275,126.8983737,02-6406-3379,월~토 11:00 ~ 02:30,https://place.map.kakao.com/1196749962#review
치킨,오븐마루 돈암점,4.8,4,5,서울 성북구 동소문로17길 37,37.5935484,127.0152431,02-928-9249,매일 15:00 ~ 02:00,https://place.map.kakao.com/27345831#review
치킨,뉴맥시칸 참숯바베큐치킨,0,0,5,서울 성북구 보문로38길 11,37.5915696,127.0145465,02-924-6060,,https://place.map.kakao.com/2125974381#review
치킨,후라이드참잘하는집 거여마천점,4.3,6,5,서울 송파구 마천로57길 22-1,37.4953371,127.1536141,02-400-3236,월~토 11:00 ~ 01:30,https://place.map.kakao.com/1038672299#review
치킨,다코기 만리점,4.7,7,5,서울 중구 만리재로 175 서울역 센트럴자이 402동 1층 103호,37.555136,126.9634788,02-313-3770,,https://place.map.kakao.com/221446583#review
치킨,BHC치킨 종로성대점,4.2,5,5,서울 종로구 성균관로 40,37.5863157,126.9969073,02-742-0100,매일 12:00 ~ 24:00,https://place.map.kakao.com/26851249#review
치킨,후라이드참잘하는집 태릉점,4,8,5,서울 중랑구 공릉로12가길 14,37.6164857,127.0804997,02-974-8535,,https://place.map.kakao.com/14090913#review
치킨,자담치킨 서울보문점,5,2,5,서울 성북구 보문로 82,37.5826053,127.0210627,02-925-9933,"토,일 14:00 ~ 01:00",https://place.map.kakao.com/1826253378#review
치킨,교촌치킨 성산2동점,2.3,13,5,서울 마포구 월드컵로 190 1층,37.564068,126.9032593,02-373-9909,매일 12:00 ~ 24:00,https://place.map.kakao.com/17894096#review
치킨,BBQ 신도림역점,1,6,5,서울 구로구 경인로67길 23 푸르지오 2차상가,37.5106974,126.889291,,매일 11:00 ~ 23:00,https://place.map.kakao.com/19750035#review
치킨,BBQ 신림5점,1.4,9,5,서울 관악구 관천로11길 152,37.4829293,126.9165063,02-855-5507,매일 12:00 ~ 24:00,https://place.map.kakao.com/912103763#review
치킨,치킨영토촌닭 신림점,5,3,5,서울 관악구 남부순환로172길 14,37.4831124,126.9250064,02-853-0092,매일 16:00 ~ 03:00,https://place.map.kakao.com/677794713#review
치킨,바른치킨 선유도역점,3.5,2,5,"서울 영등포구 선유로49길 23 IS비즈타워 2차 106,107호",37.5365153,126.8953068,0507-0493-4988,,https://place.map.kakao.com/394972486#review
치킨,순수치킨 신길점,4.7,13,5,서울 영등포구 경인로114길 62 101~102호,37.5179301,126.9143337,02-2637-3391,,https://place.map.kakao.com/479416815#review
치킨,꼬꾸이누룽지통닭구이,3.2,5,5,서울 송파구 마천로 70 1층,37.5075659,127.1280507,02-406-1558,영업시간 매일 15:00 ~ 01:00,https://place.map.kakao.com/1403976530#review
치킨,굽네치킨 오류2동점,5,9,5,서울 구로구 오류로 61 1층 101호,37.4901586,126.8401325,02-2135-8294,매일 12:00 ~ 24:00,https://place.map.kakao.com/1566212360#review
치킨,BHC치킨 송파장지점,3.8,8,5,서울 송파구 새말로 122,37.4826763,127.1277305,02-443-8292,매일 12:00 ~ 24:00,https://place.map.kakao.com/790176691#review
치킨,삼성동치킨 동대입구역점,3.2,9,5,서울 중구 동호로24길 11 2층,37.5597027,127.0052075,02-2272-7045,,https://place.map.kakao.com/706181420#review
치킨,언클스닭오리숯불바베큐치킨,5,2,5,서울 성북구 종암로19길 16,37.5983994,127.0338313,02-927-9252,,https://place.map.kakao.com/15550430#review
치킨,굽네치킨 성산2동점,2.7,9,5,서울 마포구 성암로7길 25,37.5692526,126.9062838,02-307-9294,매일 12:00 ~ 24:00,https://place.map.kakao.com/27120587#review
치킨,BHC치킨 중화점,1,2,5,서울 중랑구 봉화산로 94 오선빌딩 1층,37.6020602,127.0849025,02-439-9599,매일 12:00 ~ 24:00,https://place.map.kakao.com/26628390#review
치킨,굽네치킨 중화1호점,2,4,5,서울 중랑구 동일로 760,37.5983539,127.0803537,02-492-8294,매일 12:00 ~ 24:00,https://place.map.kakao.com/18451841#review
치킨,호치킨 동대문본점,3,2,5,서울 종로구 창신길 22,37.5725834,127.0110474,02-3672-0746,매일 13:00 ~ 01:00,https://place.map.kakao.com/11593474#review
치킨,BHC치킨 청량리점,2.5,8,5,서울 동대문구 제기로38길 13 1층,37.5852155,127.0506015,02-959-0901,매일 12:00 ~ 24:00,https://place.map.kakao.com/26792177#review
치킨,청진영양센타,3.7,3,5,서울 종로구 삼봉로 44-1,37.5721913,126.9796826,02-722-9292,매일 11:00 ~ 03:00,https://place.map.kakao.com/362958117#review
치킨,왈가닥,4.8,6,5,서울 용산구 청파로47나길 108 지하 1층,37.5492129,126.969194,02-6081-9993,,https://place.map.kakao.com/20941875#review
치킨,꾸꾸루꾸바베큐 하계점,4,1,5,서울 노원구 섬밭로 196 장미아파트상가 116,37.6335004,127.0678755,02-979-5531,영업시간 매일 16:00 ~ 02:00,https://place.map.kakao.com/573195318#review
치킨,네네치킨 강일점,3,2,4,서울 강동구 아리수로94길 19 강일리버파크 상가동 104호,37.5637821,127.1764433,0507-964-0524,매일 12:00 ~ 24:00,https://place.map.kakao.com/13016336#review
치킨,BBQ 개봉점,2,8,4,서울 구로구 개봉로15길 16,37.4899715,126.8550414,02-2682-7192,매일 12:00 ~ 24:00,https://place.map.kakao.com/16377290#review
치킨,낭만치맥 서대문역점,4,4,4,서울 종로구 경교장길 35 경희궁자이3단지상가 3134호,37.5687597,126.9661671,02-725-6838,매일 15:00 ~ 02:00,https://place.map.kakao.com/497165977#review
치킨,깐부치킨 금호점,4,1,4,서울 성동구 금호로 40,37.5474185,127.0259842,02-2297-3326,,https://place.map.kakao.com/1873393443#review
치킨,BBQ 명동스타점,4.9,8,4,서울 중구 명동4길 2 2층,37.5634096,126.9834234,02-318-8809,매일 11:00 ~ 01:30,https://place.map.kakao.com/21396812#review
치킨,로켓크리스피치킨 서울역 1호점,1,1,4,서울 중구 퇴계로 19 호텔마누 서울리스타 1층,37.5570957,126.9748418,02-757-0999,매일 11:30 ~ 22:00,https://place.map.kakao.com/801849386#review
치킨,BHC치킨 발산점,2.3,6,4,서울 강서구 공항대로42길 23 1층,37.5567683,126.843628,02-3663-3238,매일 12:00 ~ 24:00,https://place.map.kakao.com/1960624888#review
치킨,1투3치킨호프 당산점,4.8,6,4,서울 영등포구 선유동2로 46,37.5330071,126.8981748,02-2636-0972,매일 17:10 ~ 23:30,https://place.map.kakao.com/211459427#review
치킨,지코바 돈암1호점,5,1,4,서울 성북구 동소문로34길 25,37.5990914,127.0221275,02-925-0896,,https://place.map.kakao.com/2118062774#review
치킨,굽네치킨 성신여대점,1.3,9,4,서울 성북구 보문로30나길 33,37.5908167,127.0202203,02-923-9492,매일 12:00 ~ 02:00,https://place.map.kakao.com/90083288#review
치킨,치킨마루 동선동4가점,4,2,4,서울 성북구 동소문로23길 23,37.5943256,127.016784,02-928-9989,매일 12:00 ~ 24:00,https://place.map.kakao.com/14556602#review
치킨,양키통닭 2호점,4.5,12,4,서울 영등포구 도림로 436-1,37.5146191,126.8946468,070-7757-0815,,https://place.map.kakao.com/1407569042#review
치킨,깐부치킨 원효로리첸시아점,2.4,7,4,서울 용산구 백범로 341 상가 제비동 103호,37.5380677,126.9676185,02-711-8155,매일 16:00 ~ 02:00,https://place.map.kakao.com/26799658#review
치킨,굽모닝숯불바베큐,5,1,4,서울 도봉구 도당로27길 5,37.6675922,127.0407867,02-3492-7272,,https://place.map.kakao.com/21327107#review
치킨,BBQ 성북스타점,3.1,10,4,서울 성북구 보문로 57 1층,37.5804651,127.021684,02-921-9273,매일 11:00 ~ 24:00,https://place.map.kakao.com/1823130637#review
치킨,치킨매니아 북창동점,3.5,4,4,서울 중구 남대문로1길 41,37.5628412,126.9771842,02-753-2051,매일 12:00 ~ 03:00,https://place.map.kakao.com/104412096#review
치킨,교촌치킨 불광1동점,2.7,6,4,서울 은평구 불광로 60 라비앙프라자1층 101호,37.6122089,126.9321304,02-354-8592,매일 12:00 ~ 24:00,https://place.map.kakao.com/1240828186#review
치킨,바른치킨 불광롯데캐슬점,4.7,3,4,서울 은평구 불광로 64 불광롯데캐슬상가 106호,37.6130331,126.9321077,02-352-8284,,https://place.map.kakao.com/1240828186#review
치킨,하이꼬꼬 배명사거리점,4.8,13,4,서울 송파구 백제고분로32길 12 1층,37.5012803,127.09489,02-422-9590,영업시간 매일 16:00 ~ 23:00,https://place.map.kakao.com/21289693#review
치킨,노랑통닭 왕십리점,3.5,2,4,서울 성동구 마장로 137 텐즈힐 221동 1층 136호,37.5663079,127.0369547,02-922-9292,매일 12:00 ~ 24:00,https://place.map.kakao.com/1832844602#review
치킨,교촌치킨 시흥2호점,3.4,8,4,서울 금천구 은행나무로 12,37.4499499,126.9077663,02-806-9911,매일 12:00 ~ 24:00,https://place.map.kakao.com/25118612#review
치킨,다코기 신림점,5,9,4,서울 관악구 신원로 6 1층,37.4798038,126.9280817,02-837-0092,,https://place.map.kakao.com/677794713#review
치킨,BHC치킨 신월점,3.6,7,4,서울 양천구 오목로 40,37.523636,126.8576843,02-2692-9222,매일 12:00 ~ 24:00,https://place.map.kakao.com/2014872263#review
치킨,치킨플러스 안암점,5,1,4,서울 성북구 고려대로7길 52 1층,37.589116,127.0182146,02-926-2275,매일 12:00 ~ 01:00,https://place.map.kakao.com/923944352#review
치킨,굽네치킨 암사3동점,2.6,5,4,서울 강동구 암사길 88,37.552177,127.1391056,02-428-9294,매일 12:00 ~ 24:00,https://place.map.kakao.com/16849108#review
치킨,호치킨 양평역점,3.3,3,4,서울 영등포구 선유서로 121,37.52652,126.8862995,02-2632-7942,,https://place.map.kakao.com/20612142#review
치킨,잉치킨 양평역점,2.7,3,4,서울 영등포구 양산로7길 3 우림보보카운티 1층 104호,37.5256771,126.8871462,02-6246-1616,,https://place.map.kakao.com/255163218#review
치킨,바른치킨 신길점,5,2,4,서울 영등포구 경인로 900,37.517852,126.9126939,02-2634-5851,매일 12:00 ~ 24:00,https://place.map.kakao.com/989998462#review
치킨,교촌치킨 당산점,1.8,13,4,서울 영등포구 영중로 119 108호,37.5267921,126.9047058,02-2672-9994,매일 12:00 ~ 24:00,https://place.map.kakao.com/262699572#review
치킨,디디치킨 독립문점,5,1,4,서울 서대문구 독립문로4길 5-6,37.5700199,126.9600743,02-738-5293,,https://place.map.kakao.com/20438580#review
치킨,푸라닭치킨 옥수점,2,3,4,서울 성동구 독서당로 208,37.5432709,127.0139672,02-2295-9206,매일 12:30 ~ 00:00,https://place.map.kakao.com/1857488877#review
치킨,BBQ 용답답십리역점,2.4,10,4,서울 성동구 용답중앙길 57-1 1층,37.5642917,127.0523092,02-2241-9280,매일 12:00 ~ 00:30,https://place.map.kakao.com/18036138#review
치킨,오븐마루 용두역점,2.3,3,4,서울 동대문구 고산자로 393,37.5748152,127.0378516,02-966-8900,영업시간 매일 16:00 ~ 02:00,https://place.map.kakao.com/15772665#review
치킨,BHC치킨 회기점,2.3,12,4,서울 동대문구 휘경로2길 42,37.5943439,127.0599477,02-959-8892,매일 12:00 ~ 24:00,https://place.map.kakao.com/437660159#review
치킨,푸라닭치킨 정릉1호점,4,2,4,서울 성북구 서경로 60 106호,37.6092355,127.0142567,02-941-9206,매일 12:00 ~ 23:00,https://place.map.kakao.com/2126261902#review
치킨,교촌치킨 중곡1호점,3,10,4,서울 광진구 긴고랑로 40,37.5577237,127.092035,02-446-9908,매일 12:00 ~ 24:00,https://place.map.kakao.com/150787380#review
치킨,처갓집양념치킨 상암점,3,2,4,서울 마포구 성암로 79 성산2차현대아파트 상가 102호,37.5703942,126.9085595,02-374-9374,,https://place.map.kakao.com/572862898#review
치킨,먹꾸바바비큐치킨,3,1,4,서울 용산구 청파로47길 22,37.5448548,126.9692166,02-3273-7260,영업시간 매일 17:00 ~ 01:00,https://place.map.kakao.com/13572571#review
치킨,세종마을치킨,5,11,4,서울 종로구 자하문로1길 24-1,37.5764739,126.9709648,02-725-9293,,https://place.map.kakao.com/1279070934#review
치킨,교촌치킨 서울시청점,3.1,9,4,서울 중구 세종대로18길 6 1층,37.5637003,126.9773343,02-318-1992,매일 11:00 ~ 00:30,https://place.map.kakao.com/453787043#review
치킨,바른치킨 삼각지점,0,0,4,서울 용산구 백범로99가길 3 1층,37.5360172,126.9718785,02-797-8282,,https://place.map.kakao.com/1699418182#review
치킨,누구나홀딱반한닭 구로항동점,5,1,4,서울 구로구 서해안로 2102 솔보프라자 1층,37.4813007,126.8246469,02-2616-7252,매일 16:00 ~ 01:00,https://place.map.kakao.com/1749119891#review
치킨,CSC숯불바베큐치킨,1,1,4,경기 부천시 경인로536번길 62,37.4839961,126.817199,032-349-5592,,https://place.map.kakao.com/16681956#review
치킨,푸라닭치킨 구로3동점,3.7,3,3,서울 구로구 디지털로27길 51,37.4837159,126.8911595,02-851-9206,매일 12:00 ~ 24:00,https://place.map.kakao.com/1302055390#review
치킨,BHC치킨 강일뉴타운점,1.4,11,3,서울 강동구 아리수로91길 28 트리피움오피스텔 1층,37.5652879,127.1728147,02-427-9909,매일 12:00 ~ 24:00,https://place.map.kakao.com/802277709#review
치킨,굽네치킨 개봉역점,2.7,6,3,서울 구로구 개봉로 34-1 1층,37.4885991,126.8564271,02-2060-0113,매일 10:00 ~ 04:30,https://place.map.kakao.com/16377290#review
치킨,BBQ 방화역점,3,4,3,서울 강서구 금낭화로 287-50 오피앙2오피스텔 111~112호,37.5783915,126.8125131,02-2663-7798,매일 11:00 ~ 02:00,https://place.map.kakao.com/8740273#review
치킨,푸라닭치킨 고덕점,0,0,3,서울 강동구 아리수로76길 46,37.560744,127.1622614,02-426-9206,,https://place.map.kakao.com/1669467040#review
치킨,BHC치킨 구산예일점,3.7,6,3,서울 은평구 갈현로 135 1층,37.6099787,126.9109248,02-357-3517,매일 12:00 ~ 24:00,https://place.map.kakao.com/27503793#review
치킨,네네치킨 구산점,0,0,3,서울 은평구 갈현로 123 1층,37.6088781,126.9107755,02-354-8833,매일 12:00 ~ 24:00,https://place.map.kakao.com/218747802#review
치킨,BBQ 창전점,1.4,9,3,서울 마포구 창전로 66 1층,37.5482634,126.9329041,02-333-5770,매일 11:00 ~ 23:00,https://place.map.kakao.com/18767001#review
치킨,굽네치킨 길음1동점,3,2,3,서울 성북구 길음로 74,37.6097759,127.0206116,02-941-8295,매일 12:00 ~ 24:00,https://place.map.kakao.com/648711958#review
치킨,교촌치킨 독립문점,1.8,11,3,서울 서대문구 통일로 153-1,37.5677021,126.9644465,02-392-6668,매일 12:00 ~ 24:00,https://place.map.kakao.com/8210357#review
치킨,교촌치킨 답십리1호점,2.4,14,3,서울 동대문구 전농로 81 1층,37.5722376,127.0570978,02-2214-7782,매일 12:00 ~ 24:00,https://place.map.kakao.com/732615149#review
치킨,BBQ 동대문스타점,4.6,9,3,서울 동대문구 한천로 133 1층,37.5730963,127.0662804,02-2242-9283,,https://place.map.kakao.com/732615149#review
치킨,BBQ 당산행운점,2.4,14,3,서울 영등포구 양산로 128,37.5237461,126.8971888,02-2635-9282,매일 11:00 ~ 24:00,https://place.map.kakao.com/26987701#review
치킨,청년치킨,4.1,8,3,서울 영등포구 국회대로37길 4,37.5274507,126.899656,02-2636-8388,,https://place.map.kakao.com/874284258#review
치킨,지코바 대방1호점,3.5,11,3,서울 동작구 상도로 45,37.5019234,126.9525122,02-813-9290,,https://place.map.kakao.com/27468544#review
치킨,땅땅치킨 신도림점,0,0,3,서울 영등포구 도영로 66 영등포아트자이아파트 상가동 1층 107호,37.5104465,126.8995476,02-834-0707,,https://place.map.kakao.com/625386096#review
치킨,교촌치킨 용문점,4.4,13,3,서울 용산구 새창로 108 1층,37.5377609,126.9599657,02-702-2858,매일 12:00 ~ 24:00,https://place.map.kakao.com/1450084158#review
치킨,치킨파이브 용문점,4.8,4,3,서울 용산구 새창로20길 10,37.5382731,126.9590953,02-701-9282,,https://place.map.kakao.com/1450084158#review
치킨,맥시칸치킨 길음점,5,3,3,서울 성북구 정릉로 388,37.602143,127.0262382,02-953-9289,매일 12:00 ~ 01:30,https://place.map.kakao.com/21353496#review
치킨,처갓집양념치킨 돈암점,3.9,7,3,서울 성북구 아리랑로6길 4 1층,37.5964822,127.0156515,02-6489-0101,,https://place.map.kakao.com/1342645455#review
치킨,삼통치킨 한성대점,1.7,3,3,"서울 성북구 동소문로2길 5 1,2층",37.5882227,127.006967,02-742-4889,,https://place.map.kakao.com/13128690#review
치킨,후라이드참잘하는집 사당점,2.3,3,3,서울 동작구 동작대로35길 71,37.4924135,126.9790059,02-592-3379,매일 12:00 ~ 02:00,https://place.map.kakao.com/1236150695#review
치킨,교촌치킨 방배1호점,3,5,3,서울 서초구 방배중앙로27길 2,37.4953504,126.9856392,02-535-1991,매일 12:00 ~ 24:00,https://place.map.kakao.com/27373259#review
치킨,명인옛날통닭마천점,5,1,3,서울 송파구 마천로 251,37.4989755,127.1453488,02-400-9113,,https://place.map.kakao.com/359947573#review
치킨,BHC치킨 마포역점,3.5,6,3,서울 마포구 마포대로4길 42,37.5378235,126.9465983,02-718-5888,매일 12:00 ~ 24:00,https://place.map.kakao.com/24448277#review
치킨,한방통닭구이,5,2,3,서울 마포구 만리재로 132-1,37.5511676,126.9623383,02-702-5592,,https://place.map.kakao.com/1535733722#review
치킨,야꼬닭 대학로점,0,0,3,서울 종로구 성균관로 4-5 1층,37.5835071,126.9985946,02-743-2750,,https://place.map.kakao.com/16645794#review
치킨,교촌치킨 쌍문1호점,3.7,7,3,서울 도봉구 도당로 32 성진뉴파크뷰 1층,37.6609195,127.0354108,02-955-7999,매일 12:00 ~ 24:00,https://place.map.kakao.com/21327107#review
치킨,호식이두마리치킨 보문점,2.3,3,3,서울 성북구 보문로13다길 21,37.5806027,127.0200145,02-929-2024,,https://place.map.kakao.com/13125267#review
치킨,계열사 고덕점,5,3,3,서울 강동구 구천면로98길 19 1층,37.5498433,127.171358,02-428-9982,,https://place.map.kakao.com/1739474648#review
치킨,BHC치킨 강일점,2.9,7,3,서울 강동구 천호대로221길 23,37.5479219,127.1725833,02-481-8292,매일 12:00 ~ 24:00,https://place.map.kakao.com/361111404#review
치킨,BBQ 강남수서점,4.5,4,3,서울 강남구 밤고개로1길 10 수서현대벤쳐빌 1164호,37.4879855,127.1017774,02-2040-7922,매일 11:00 ~ 24:00,https://place.map.kakao.com/161409474#review
치킨,교촌치킨 신공덕점,1,8,3,서울 마포구 만리재로 74 신공덕 래미안상가 1동 109호,37.5422754,126.9539814,02-703-9919,매일 12:00 ~ 24:00,https://place.map.kakao.com/8189280#review
치킨,BBQ 봉화산역점,3,4,3,서울 중랑구 신내로 225 1층 112호,37.6168565,127.0913817,02-3421-9892,매일 12:00 ~ 01:00,https://place.map.kakao.com/8093445#review
치킨,자담치킨 신대방역점,3,2,3,서울 관악구 난곡로78길 20,37.4868003,126.9147486,02-867-9288,,https://place.map.kakao.com/912103763#review
치킨,BBQ 신림신원점,2.5,8,3,서울 관악구 신원로 16,37.4807854,126.9281219,02-867-2295,매일 14:00 ~ 23:40,https://place.map.kakao.com/14597478#review
치킨,굽네치킨 역촌점,3.7,6,3,서울 은평구 연서로 49,37.6035244,126.915396,02-387-9294,매일 12:00 ~ 02:30,https://place.map.kakao.com/27197008#review
치킨,더맛닭 신길점,5,2,3,서울 영등포구 경인로114가길 12-1 1층 101호,37.5176021,126.913736,02-845-1882,매일 16:00 ~ 01:40,https://place.map.kakao.com/324753522#review
치킨,웰덤치킨 부천오창점,1,1,3,경기 부천시 오정동 732,37.5327353,126.7877662,032-683-8711,,https://place.map.kakao.com/954911437#review
치킨,부어치킨 온수역점,3,2,3,서울 구로구 부일로 853,37.4921978,126.8218474,02-2682-0025,,https://place.map.kakao.com/130471222#review
치킨,BHC치킨 유한대점,2,9,3,경기 부천시 부일로819번길 17,37.4909097,126.8191831,032-344-0888,매일 12:00 ~ 24:00,https://place.map.kakao.com/130471222#review
치킨,BHC치킨 제기점,2.9,11,3,서울 동대문구 왕산로26길 23,37.5768821,127.036857,02-960-2212,매일 12:00 ~ 24:00,https://place.map.kakao.com/26628354#review
치킨,바른치킨 용산용문점,4.3,4,3,서울 용산구 새창로 113-2,37.5371932,126.9606752,02-716-1330,,https://place.map.kakao.com/618620466#review
치킨,닭장수후라이드 우면점,2.2,10,3,서울 서초구 태봉로2길 5 서초네이처힐 5단지 1층 101호,37.4625484,127.0249123,02-577-8225,매일 14:00 ~ 23:00,https://place.map.kakao.com/1673179358#review
치킨,노랑통닭 용산점,2.7,3,3,서울 용산구 원효로 166,37.5350006,126.9614535,02-711-9003,"영업시간 토,일 17:00 ~ 04:00",https://place.map.kakao.com/25646745#review
치킨,깐부치킨 일원동점,4.7,9,3,서울 강남구 일원로9길 6,37.4892869,127.0819967,02-459-9233,,https://place.map.kakao.com/26355141#review
치킨,BBQ 대청점,2.1,16,3,서울 강남구 일원로9길 8 1층,37.4893504,127.0821723,02-3411-5949,매일 11:30 ~ 02:00,https://place.map.kakao.com/1170206628#review
치킨,교촌치킨 석관장위점,2.6,18,3,서울 성북구 화랑로 265 1층,37.6117655,127.0582571,02-918-9925,매일 12:00 ~ 24:00,https://place.map.kakao.com/8211060#review
치킨,푸라닭치킨 장위점,5,5,3,서울 성북구 돌곶이로27길 36,37.6114576,127.0534507,02-942-9206,,https://place.map.kakao.com/530508245#review
치킨,후라이드참잘하는집 장위점,4.2,5,3,서울 성북구 장위로 117,37.613524,127.0496833,02-983-9292,,https://place.map.kakao.com/1278984441#review
치킨,교촌치킨 안암점,3.2,17,3,서울 동대문구 안암로 122,37.5860645,127.0327623,02-923-3363,매일 12:00 ~ 24:00,https://place.map.kakao.com/424982024#review
치킨,BHC치킨 중계점,2.3,15,3,서울 노원구 동일로 1280 상가동 지하층 06호 ,37.6428027,127.0664601,02-926-9292,매일 12:00 ~ 24:00,https://place.map.kakao.com/16589600#review
치킨,순수치킨 중화점,4,4,3,서울 중랑구 봉화산로21길 14-7,37.6025465,127.0823315,02-438-3392,,https://place.map.kakao.com/18451841#review
치킨,굽네치킨 서강점,5,1,3,서울 마포구 독막로22길 28 1층,37.546765,126.9282337,02-338-9294,매일 12:00 ~ 23:50,https://place.map.kakao.com/17723918#review
치킨,마이마이치킨 홍대합정점,5,3,3,서울 마포구 와우산로 120 1층,37.5530741,126.9267524,02-6927-7715,매일 00:00 ~ 24:00,https://place.map.kakao.com/17723918#review
치킨,돈치킨 천왕점,0,0,3,서울 구로구 천왕로 42 쿠앤하우스 107호,37.4811296,126.8389718,02-2614-9220,,https://place.map.kakao.com/18565323#review
치킨,코코닭,5,1,3,서울 종로구 사직로9가길 3,37.576551,126.9688569,,,https://place.map.kakao.com/33311358#review
치킨,BHC치킨 하계점,2.1,7,3,서울 노원구 공릉로58길 103 1층,37.6357359,127.0741103,02-975-9282,매일 11:00 ~ 01:40,https://place.map.kakao.com/27346439#review
치킨,짐마치킨호프 삼각지점,5,1,3,서울 용산구 이태원로 5-1,37.5353179,126.9749793,02-2233-8259,,https://place.map.kakao.com/1699418182#review
치킨,교촌치킨 홍은사거리점,2.3,12,3,서울 서대문구 통일로 473,37.5902222,126.942059,02-3216-9989,매일 12:00 ~ 24:00,https://place.map.kakao.com/23992069#review
치킨,부자숯불치킨,0,0,3,서울 종로구 종로35길 26,37.5723381,127.0039414,02-3673-5252,매일 14:00 ~ 02:30,https://place.map.kakao.com/791405034#review
치킨,돈치킨 종로5가점,0,0,3,서울 종로구 대학로 3,37.5742104,127.001139,02-762-9222,,https://place.map.kakao.com/1550984384#review
치킨,천하일미,5,1,2,서울 구로구 남부순환로 1287,37.478917,126.893858,02-855-9906,,https://place.map.kakao.com/1334441218#review
치킨,장수통닭,5,7,2,서울 강서구 강서로74길 3,37.5678453,126.8414984,070-8878-7200,월~토 11:00 ~ 23:30,https://place.map.kakao.com/27383306#review
치킨,치킨사냥,5,1,2,서울 강서구 허준로 12,37.5704027,126.8430832,02-3665-9919,,https://place.map.kakao.com/27383306#review
치킨,옛날통닭 가양점,4.7,3,2,서울 강서구 양천로49길 87 1층,37.5721279,126.8392994,02-2658-0801,,https://place.map.kakao.com/27383306#review
치킨,호치킨 가양점,4.7,3,2,서울 강서구 양천로59길 42,37.5608853,126.8597759,02-2658-9992,,https://place.map.kakao.com/27383306#review
치킨,쌀통닭 강일점,3.5,6,2,서울 강동구 아리수로 421,37.5603879,127.1498654,0507-526-2044,매일 14:00 ~ 02:00,https://place.map.kakao.com/25538050#review
치킨,지코바 강일1호점,5,13,2,서울 강동구 상일로 152 고덕리엔파크1단지 상가 103호,37.5609818,127.171693,02-442-5888,"토,일 12:00 ~ 23:30",https://place.map.kakao.com/1919344565#review
치킨,교촌치킨 상일점,2.2,10,2,서울 강동구 상일로15길 6,37.5583123,127.1707141,02-441-1991,,https://place.map.kakao.com/2131518652#review
치킨,계동치킨 종로3가점,5,3,2,서울 종로구 돈화문로 9 2층,37.5693179,126.9920651,02-2269-2242,월~토 13:00 ~ 01:00,https://place.map.kakao.com/15658190#review
치킨,굽네치킨 독립문점,2.3,4,2,서울 서대문구 독립문로 16,37.5702124,126.9600388,02-312-9492,매일 12:00 ~ 24:00,https://place.map.kakao.com/485052305#review
치킨,후라이드참잘하는집 서대문점,5,5,2,서울 서대문구 독립문로8길 18 1층,37.5686759,126.9605322,02-313-3332,,https://place.map.kakao.com/485052305#review
치킨,참참치킨 구수점,5,10,2,서울 마포구 창전로 40-1,37.5459845,126.9322837,02-706-6956,,https://place.map.kakao.com/283849493#review
치킨,BBQ 녹번점,3.4,8,2,서울 은평구 녹번로 35 1층,37.6051868,126.9285161,02-353-9282,매일 12:00 ~ 24:00,https://place.map.kakao.com/1226340201#review
치킨,호식이두마리치킨 당산점,3,6,2,서울 영등포구 양산로 132 1층,37.5237032,126.8976125,02-3667-2992,매일 12:30 ~ 01:00,https://place.map.kakao.com/11624741#review
치킨,처갓집양념치킨 당산점,1,1,2,서울 영등포구 당산로18길 9-2,37.5230178,126.8972628,02-2678-9282,,https://place.map.kakao.com/18921263#review
치킨,굽네치킨 서울대방점,1.4,9,2,서울 동작구 대방동23길 42,37.504117,126.9231717,02-817-9294,매일 11:30 ~ 01:30,https://place.map.kakao.com/27468544#review
치킨,후라이드바삭킹 도원점,4,4,2,서울 용산구 새창로12길 11-7 1층,37.5390776,126.9580544,02-716-7772,화~일 15:00 ~ 24:00,https://place.map.kakao.com/1571471760#review
치킨,교촌치킨 동소문점,2.1,10,2,서울 성북구 아리랑로 48 1층,37.5969814,127.0152202,02-953-9922,매일 12:00 ~ 24:00,https://place.map.kakao.com/16327455#review
치킨,문치킨,5,1,2,서울 성북구 동소문로25길 51,37.5954673,127.0164756,02-926-1004,,https://place.map.kakao.com/1892419639#review
치킨,도도치킨 돈암점,5,1,2,서울 성북구 보문로38길 27,37.591228,127.0153923,02-926-9295,,https://place.map.kakao.com/1589000663#review
치킨,네네치킨 동소문점,5,3,2,서울 성북구 아리랑로5길 39 지층 101호,37.596782,127.013026,02-923-4492,매일 11:30 ~ 00:30,https://place.map.kakao.com/15875874#review
치킨,깐부치킨 서울역한라비발디점,4,12,2,서울 중구 만리재로 177 한라비발디센트럴 상가 3호,37.5543253,126.9657781,02-313-0725,,https://place.map.kakao.com/2075730333#review
치킨,더닭,4.3,3,2,서울 종로구 명륜길 17,37.5881115,126.995743,02-744-8937,,https://place.map.kakao.com/1554653400#review
치킨,교촌치킨 명일1호점,2.4,7,2,서울 강동구 구천면로 438 1층,37.5496237,127.146963,02-3426-9199,매일 12:00 ~ 24:00,https://place.map.kakao.com/1684336606#review
치킨,진미통닭,0,0,2,서울 종로구 통일로 250,37.5747052,126.9579272,02-737-1318,,https://place.map.kakao.com/16533369#review
치킨,네네치킨 독립문점,3,4,2,서울 종로구 통일로 262 105호,37.5754863,126.9569937,02-737-4492,매일 12:00 ~ 24:00,https://place.map.kakao.com/8196910#review
치킨,60계 서울신당점,4.2,5,2,서울 중구 퇴계로76길 36 지하1층~지상2층,37.5636259,127.0149973,02-2235-6070,,https://place.map.kakao.com/2116325698#review
치킨,BBQ 신당점,0,0,2,서울 중구 다산로35길 16,37.563824,127.0147615,02-2285-2811,,https://place.map.kakao.com/19136137#review
치킨,BHC치킨 문래점,2.3,3,2,서울 영등포구 선유로13길 25 에이스하이테크시티2차 114호,37.5144447,126.8987734,02-2257-8292,매일 12:00 ~ 24:00,https://place.map.kakao.com/26557611#review
치킨,지코바 문래점,5,1,2,서울 영등포구 선유로13길 25 1층,37.5191533,126.8859328,02-2257-8810,,https://place.map.kakao.com/1705299188#review
치킨,교촌치킨 방화2호점,2.4,11,2,서울 강서구 방화동로 113-1,37.5705064,126.8123343,02-2666-9559,매일 12:00 ~ 24:00,https://place.map.kakao.com/692071104#review
치킨,BHC치킨 수유역점,4.3,9,2,서울 강북구 오패산로 383 1층,37.6354848,127.0281089,02-908-8005,매일 12:00 ~ 24:00,https://place.map.kakao.com/9392898#review
치킨,지코바 보광점,5,3,2,서울 용산구 장문로 87 1층,37.5261569,126.9992305,02-797-2228,매일 12:00 ~ 24:00,https://place.map.kakao.com/1509786720#review
치킨,처갓집양념치킨 보문점,3.5,4,2,서울 성북구 보문로 109,37.5847819,127.0193913,02-953-5749,매일 12:00 ~ 24:00,https://place.map.kakao.com/595329992#review
치킨,교촌치킨 보문역점,2.8,10,2,서울 성북구 보문로 131,37.5865168,127.0183575,02-921-3292,매일 12:00 ~ 24:00,https://place.map.kakao.com/8706003#review
치킨,오븐마루치킨 보문자이점,0,0,2,서울 성북구 보문동6가 198-1,37.5806286,127.0185763,02-921-9245,,https://place.map.kakao.com/1763874185#review
치킨,굽네치킨 북아현점,4.1,8,2,서울 서대문구 북아현로1길 50 상가 1동 106호,37.5587122,126.9536917,02-312-9294,매일 11:00 ~ 03:00,https://place.map.kakao.com/1526618624#review
치킨,BBQ 왕십리행운점,2.2,10,2,서울 성동구 마장로 137 텐즈힐 403동 1층 121호,37.5663079,127.0369547,02-2281-9282,매일 11:00 ~ 24:00,https://place.map.kakao.com/26561010#review
치킨,치킨클럽 서울동덕여대점,4.5,2,2,서울 성북구 장월로1길 66 1층,37.6057863,127.0445913,,영업시간 월~토 17:00 ~ 01:00,https://place.map.kakao.com/1991362974#review
치킨,바른치킨 강동상일점,2.7,6,2,서울 강동구 상일로 31-1,37.5499025,127.1727255,02-441-2004,,https://place.map.kakao.com/23241035#review
치킨,오븐마루 석계역점,1,2,2,서울 성북구 한천로78길 61,37.6131196,127.0648152,02-966-5592,영업시간 매일 15:00 ~ 02:00,https://place.map.kakao.com/15794413#review
치킨,교촌치킨 세곡점,2,14,2,서울 강남구 자곡로 101 레미안힐즈 상가 103호,37.4724625,127.0972855,02-2226-1991,매일 12:00 ~ 24:00,https://place.map.kakao.com/475142308#review
치킨,깐부치킨 순화동라마다점,2.8,4,2,서울 중구 칠패로 27 더샾 1층 113호,37.560174,126.9720786,02-318-4642,,https://place.map.kakao.com/26615190#review
치킨,교촌치킨 숭인점,3.2,10,2,서울 종로구 종로 385,37.5745643,127.0200586,02-765-5800,매일 12:00 ~ 24:00,https://place.map.kakao.com/8211238#review
치킨,BHC치킨 공덕점,1.9,17,2,서울 마포구 백범로 205 101동 B232호,37.5433361,126.954004,02-752-7777,매일 12:00 ~ 24:00,https://place.map.kakao.com/27360988#review
치킨,미친닭 신공덕점,3,2,2,서울 마포구 백범로 199 메트로디오빌 1층103A,37.5434128,126.9528962,02-3273-9994,,https://place.map.kakao.com/1225155581#review
치킨,교촌치킨 영등포1호점,2.5,11,2,서울 영등포구 신길로 167 1층 104호,37.5070239,126.9107099,02-841-7282,월~토 11:30 ~ 23:40,https://place.map.kakao.com/16376564#review
치킨,미스터짱닭,5,1,2,서울 관악구 난곡로78길 20,37.4868003,126.9147486,02-855-2226,,https://place.map.kakao.com/912103763#review
치킨,오늘통닭 동대문역사문화공원역점,4,1,2,서울 중구 마른내로 144 1층,37.5645332,127.0039321,02-2267-7177,,https://place.map.kakao.com/1047955459#review
치킨,부어치킨 양평동점,5,4,2,서울 영등포구 영등포로 27,37.522302,126.8991238,02-2679-3639,,https://place.map.kakao.com/1460293865#review
치킨,BHC치킨 양평현대점,3.1,9,2,서울 영등포구 선유로 201 1층 103-1호,37.5317726,126.8935394,02-2677-3607,매일 12:00 ~ 24:00,https://place.map.kakao.com/11794656#review
치킨,깐부치킨 선유도역점,1.8,4,2,서울 영등포구 양평로22길 13 라이너빌딩 1층,37.5388978,126.8945618,02-2631-9282,매일 16:00 ~ 02:00,https://place.map.kakao.com/20496003#review
치킨,바른치킨 종로5가점,4.6,5,2,서울 종로구 종로31길 52 1층,37.5731077,126.9989501,02-743-2959,,https://place.map.kakao.com/26929459#review
치킨,BBQ 영등포본점,1.3,4,2,서울 영등포구 영중로 65,37.5221116,126.9046453,02-2631-9809,매일 13:00 ~ 01:00,https://place.map.kakao.com/16445832#review
치킨,페리카나 당산동점,5,3,2,서울 영등포구 영중로 114,37.5263152,126.9057401,02-2671-5559,매일 12:00 ~ 24:00,https://place.map.kakao.com/18306680#review
치킨,1988옛날통닭 오류점,2.5,2,2,서울 구로구 오류로8길 63,37.4924978,126.8436426,02-2614-9777,,https://place.map.kakao.com/1566212360#review
치킨,용문통닭 본점,3,6,2,서울 용산구 효창원로40길 3-8,37.5369045,126.9597162,02-716-2010,,https://place.map.kakao.com/686733522#review
치킨,보드람치킨 삼각지역점,5,4,2,서울 용산구 한강대로 202-1,37.5364282,126.9745873,02-792-4609,,https://place.map.kakao.com/27392872#review
치킨,네네치킨 우면점,0,0,2,서울 서초구 우면동 712 서초네이처힐2단지상가 102호,37.4628538,127.0216349,050-7964-1064,매일 11:30 ~ 23:59,https://place.map.kakao.com/2100110759#review
치킨,오븐에빠진닭 청계산신원점,4.8,4,2,서울 서초구 청계산로 195 프라임시티 1층 107호,37.4473672,127.0553225,02-6465-5892,,https://place.map.kakao.com/1325960332#review
치킨,BHC치킨 세곡점,3.9,7,2,서울 강남구 밤고개로21길 69 엘리온빌딩 101호,37.4735007,127.1143801,02-445-8232,매일 12:00 ~ 24:00,https://place.map.kakao.com/1771860457#review
치킨,교촌치킨 응봉점,1.8,5,2,서울 성동구 독서당로 398 상가내 1층,37.5515893,127.0330269,02-2299-9965,매일 12:00 ~ 24:00,https://place.map.kakao.com/1950764680#review
치킨,치킨매니아 응봉점,3,1,2,서울 성동구 고산자로2길 10-4 지로얄펠리스 1층 101호,37.5520213,127.0361653,02-2298-9988,매일 15:00 ~ 01:00,https://place.map.kakao.com/13100303#review
치킨,BHC치킨 종로5가광장점,3.4,5,2,서울 종로구 종로31길 7,37.5712982,126.9999898,02-743-9969,,https://place.map.kakao.com/1377042874#review
치킨,교촌치킨 장안1호점,5,6,2,서울 동대문구 한천로 229 1층,37.5812562,127.06811,02-2216-0092,,https://place.map.kakao.com/790549682#review
치킨,교촌치킨 중계2호점,1.4,10,2,서울 노원구 덕릉로 721 정진빌라 1층,37.6620527,127.0754573,02-3391-5599,매일 12:30 ~ 01:00,https://place.map.kakao.com/16589600#review
치킨,컬투치킨 성산사랑점,3.7,3,2,서울 마포구 성암로3길 8,37.5692099,126.9112176,02-302-6870,매일 14:00 ~ 02:00,https://place.map.kakao.com/1696803471#review
치킨,교촌치킨 중화점,1,3,2,서울 중랑구 동일로129길 16,37.5995374,127.0787899,02-433-1992,,https://place.map.kakao.com/18451841#review
치킨,네오치킨&펍,4.2,9,2,서울 마포구 창전로 37,37.5458726,126.9318632,02-714-5550,,https://place.map.kakao.com/24066931#review
치킨,컬투치킨 창전사랑점,4.6,5,2,서울 마포구 와우산로 148-1 1층,37.5542041,126.9297331,0507-744-9993,,https://place.map.kakao.com/17723918#review
치킨,명가통닭 천왕점,0,0,2,서울 구로구 천왕로 42 쿠앤하우스 1층,37.4811296,126.8389718,02-2618-8292,매일 12:00 ~ 23:00,https://place.map.kakao.com/1165991184#review
치킨,노랑통닭 숙대점,2.8,4,2,서울 용산구 청파로 280,37.5444937,126.9708998,02-701-6969,"영업시간 금,토 16:00 ~ 02:00",https://place.map.kakao.com/13572571#review
치킨,하림옛날통닭,4.8,5,2,서울 중구 을지로14길 28 1층,37.5649587,126.9920695,,,https://place.map.kakao.com/510941455#review
치킨,호치킨 용강점,5,5,2,서울 마포구 토정로 290-1,37.5411379,126.9413974,02-716-5727,,https://place.map.kakao.com/13311040#review
치킨,BHC치킨 행당점,1.8,5,2,서울 성동구 무학봉길 43 1층,37.5604744,127.0275414,02-6338-3343,,https://place.map.kakao.com/567965853#review
치킨,치킨플러스 신수점,5,2,2,서울 마포구 토정로 213-4,37.545125,126.9347844,02-713-8592,,https://place.map.kakao.com/259748753#review
치킨,후라이드참잘하는집 왕십리행당점,2.3,3,2,서울 성동구 왕십리로24길 27-1,37.5650316,127.0343179,02-2296-3330,,https://place.map.kakao.com/247764520#review
치킨,교촌치킨 왕십리도선점,1.5,8,2,서울 성동구 고산자로 281 1층,37.5648058,127.0360051,02-2292-1991,매일 12:00 ~ 24:00,https://place.map.kakao.com/25537172#review
치킨,본투비마늘치킨 종로5가점,4,1,2,서울 종로구 대학로 5,37.578829,127.0011085,02-763-8504,,https://place.map.kakao.com/24828974#review
치킨,BHC치킨 중앙대점,5,1,2,서울 동작구 흑석로 79 2층,37.5069892,126.9584078,02-6010-6471,매일 12:00 ~ 24:00,https://place.map.kakao.com/13081848#review
치킨,교촌치킨 강일점,1.8,13,1,"서울 강동구 아리수로 419 리슈빌오피스텔 101,102호",37.5645656,127.1734286,02-426-6692,,https://place.map.kakao.com/1902032923#review
치킨,굽네치킨 개포4동점,1.3,12,1,서울 강남구 개포로20길 32,37.4768518,127.0483302,02-577-8294,매일 11:00 ~ 01:00,https://place.map.kakao.com/1976102113#review
치킨,교촌치킨 고덕1호점,2.4,11,1,서울 강동구 고덕로61길 116,37.5597509,127.1516444,02-481-9503,매일 12:00 ~ 24:00,https://place.map.kakao.com/21444017#review
치킨,"굽네치킨 고덕1,2동점",3,2,1,서울 강동구 상일로 161,37.5613431,127.1702764,02-3426-9282,매일 12:00 ~ 24:00,https://place.map.kakao.com/1669467040#review
치킨,BBQ 고척점,1,9,1,서울 구로구 경인로47다길 8,37.5033599,126.8641732,02-2625-9295,매일 12:00 ~ 24:00,https://place.map.kakao.com/16591651#review
치킨,BHC치킨 고척점,2.3,3,1,서울 구로구 경인로47길 82-1,37.5024105,126.8642962,02-2612-2777,매일 12:00 ~ 24:00,https://place.map.kakao.com/16591651#review
치킨,푸라닭치킨 고척점,4.2,6,1,서울 구로구 경인로 433-1 1층,37.499718,126.8670953,02-2616-9206,,https://place.map.kakao.com/16591651#review
치킨,깐부치킨 광장점,3.3,4,1,서울 광진구 아차산로76길 25,37.5471062,127.1079479,02-454-4999,,https://place.map.kakao.com/13076706#review
치킨,썬더치킨 광희동점,2.3,3,1,서울 중구 을지로44길 30,37.5647814,127.0062266,02-2273-4333,매일 12:00 ~ 02:30,https://place.map.kakao.com/1037341704#review
치킨,페리카나 독립문점,5,1,1,서울 종로구 통일로 222 1층,37.5726918,126.9600167,02-722-9916,매일 12:00 ~ 01:00,https://place.map.kakao.com/8571500#review
치킨,옛날장터치킨,4.5,2,1,서울 구로구 오리로 1262,37.4944216,126.8311103,02-6214-3577,,https://place.map.kakao.com/24891080#review
치킨,네네치킨 오류1점,5,1,1,서울 구로구 부일로 953,37.4933705,126.833334,02-2689-9288,매일 12:00 ~ 02:00,https://place.map.kakao.com/17770271#review
치킨,굽네치킨 금호1가응봉점,5,3,1,서울 성동구 금호로 62-1 1층,37.5489249,127.0261184,02-2296-6464,매일 11:30 ~ 24:00,https://place.map.kakao.com/12591786#review
치킨,BBQ 금호중앙점,3,2,1,서울 성동구 무수막길 89-38,37.5537806,127.0195861,02-6396-6699,,https://place.map.kakao.com/1699610660#review
치킨,티바두마리치킨 금호점,3,2,1,서울 성동구 무수막길 62 1층,37.5515703,127.0214303,02-2232-5911,,https://place.map.kakao.com/12642291#review
치킨,강정의달인 신금호점,2.8,4,1,서울 성동구 무수막길 94,37.5540382,127.0201146,02-469-1085,,https://place.map.kakao.com/12642291#review
치킨,노랑통닭 금호점,3.2,6,1,서울 성동구 금호로 17 서울숲2차푸르지오 상가 1층,37.5463204,127.0242025,02-2282-5836,,https://place.map.kakao.com/1409711919#review
치킨,BBQ 금호점,2.3,9,1,서울 성동구 독서당로 326,37.547874,127.0251034,02-2296-3515,매일 12:00 ~ 24:00,https://place.map.kakao.com/18898753#review
치킨,BHC치킨 길음뉴타운점,3,2,1,서울 성북구 삼양로 66 102호,37.608951,127.0232704,02-6053-5578,매일 12:00 ~ 24:00,https://place.map.kakao.com/1857369224#review
치킨,BBQ 길음역점,2.3,3,1,"서울 성북구 동소문로 248 삼부아파트 101동 1층 4,5호",37.602671,127.0236243,02-942-9282,,https://place.map.kakao.com/648711958#review
치킨,바보스치킨 모래내시장점,4.5,6,1,"서울 서대문구 수색로2길 7 101,102,103호",37.5691447,126.9159706,02-3152-5592,영업시간 매일 15:30 ~ 01:00,https://place.map.kakao.com/1851025353#review
치킨,BHC치킨 남가좌DMC점,1.5,10,1,서울 서대문구 가재울로10길 37 1층,37.5767349,126.9226611,02-304-9282,매일 12:00 ~ 24:00,https://place.map.kakao.com/296107551#review
치킨,BBQ 독립문점,3.7,3,1,서울 서대문구 독립문로14길 3,37.5668425,126.963932,02-363-2494,매일 11:00 ~ 01:00,https://place.map.kakao.com/18900908#review
치킨,교촌치킨 녹번점,3.4,10,1,서울 은평구 서오릉로 26 1층,37.603429,126.9257462,02-359-9200,,https://place.map.kakao.com/2115900161#review
치킨,BHC치킨 녹번역점,2.3,9,1,서울 은평구 은평로 229 2층,37.6012362,126.9332317,02-388-9282,매일 12:00 ~ 24:00,https://place.map.kakao.com/1226340201#review
치킨,영광통닭,4,3,1,서울 종로구 필운대로 55-1,37.5810117,126.9684047,02-723-8200,,https://place.map.kakao.com/1151300196#review
치킨,치키니즘,5,8,1,서울 영등포구 국회대로53길 30,37.5282018,126.9066968,02-2069-1113,매일 14:00 ~ 01:00,https://place.map.kakao.com/1657173928#review
치킨,치킨장인,4.4,7,1,서울 영등포구 선유동1로 14-1 1층,37.5233378,126.8918902,02-2633-4665,화~일 11:40 ~ 24:00,https://place.map.kakao.com/1649032975#review
치킨,굽네치킨 당산2동점,2.3,12,1,서울 영등포구 국회대로29길 16 1층,37.52945,126.8973299,02-6080-9494,매일 11:00 ~ 23:00,https://place.map.kakao.com/8221701#review
치킨,푸라닭치킨 대림점,1,1,1,서울 영등포구 디지털로 408,37.4927924,126.9039383,,,https://place.map.kakao.com/12612406#review
치킨,BHC치킨 돈암점,4.2,5,1,서울 성북구 북악산로 902 1층,37.5962662,127.0222846,02-925-9292,매일 12:00 ~ 24:00,https://place.map.kakao.com/26628395#review
치킨,BHC치킨 한성대입구점,2.9,14,1,서울 성북구 성북로2길 18,37.5891576,127.0068187,02-745-0417,매일 12:00 ~ 24:00,https://place.map.kakao.com/27093361#review
치킨,텍사스콘치킨,4,1,1,서울 성북구 동소문로13길 25-2 1층,37.5927385,127.0122109,02-6081-8000,,https://place.map.kakao.com/553076667#review
치킨,명가옛날통닭 마천점,4.3,4,1,서울 송파구 성내천로 295,37.4945145,127.1555199,02-430-0505,,https://place.map.kakao.com/359947573#review
치킨,네네치킨 마포역점,4,4,1,서울 마포구 마포대로4라길 30-7 110동 1층 102호,37.5370227,126.9457157,02-717-4422,매일 11:30 ~ 01:00,https://place.map.kakao.com/25121506#review
치킨,BBQ 경희궁자이점,2.3,7,1,서울 종로구 통일로14길 8,37.5748528,126.9581063,02-720-1008,매일 11:00 ~ 23:00,https://place.map.kakao.com/9060398#review
치킨,썬더치킨 독립문역점,3,2,1,서울 종로구 통일로 230,37.5705366,126.9628499,02-3210-3392,,https://place.map.kakao.com/1746469812#review
치킨,처갓집양념치킨 독립문점,5,2,1,서울 종로구 사직로 11 103호,37.5726486,126.9616588,02-730-2690,월~토 11:00 ~ 00:30,https://place.map.kakao.com/1155869505#review
치킨,처갓집양념치킨 신당점,1,1,1,서울 중구 퇴계로74길 21-5 103호,37.5641533,127.0149304,02-2231-5460,토 11:30 ~ 01:50,https://place.map.kakao.com/1618715595#review
치킨,그집숯불바베큐치킨,0,0,1,서울 중구 다산로 225,37.5633502,127.0153258,02-2234-3331,,https://place.map.kakao.com/26406393#review
치킨,굽네치킨 문래점,2,12,1,서울 영등포구 선유로3길 10 하우스디비즈상가 1층 102호,37.5153896,126.8857995,02-2633-9492,매일 12:00 ~ 24:00,https://place.map.kakao.com/8218265#review
치킨,굽네치킨 방학1동점,3.6,5,1,서울 도봉구 방학로2길 77 1층,37.6663198,127.0407646,02-955-9282,월~토 11:00 ~ 01:00,https://place.map.kakao.com/21327107#review
치킨,교촌치킨 북가좌1호점,3.7,6,1,서울 서대문구 응암로 11 국제빌딩 1층,37.5753102,126.9068373,02-304-3003,매일 12:00 ~ 24:00,https://place.map.kakao.com/17609768#review
치킨,낭만치맥 아현점,3.9,7,1,서울 서대문구 신촌로35길 10 e편한세상신촌 2단지 1층 111호,37.5582917,126.9552461,02-363-5034,,https://place.map.kakao.com/1151424688#review
치킨,바른치킨 북아현점,0,0,1,서울 서대문구 북아현동 199-1 신촌힐스테이트상가,37.5600462,126.9500125,02-392-5852,,https://place.map.kakao.com/1259612619#review
치킨,BBQ 원효로점,2.9,9,1,서울 용산구 원효로19길 74 1층,37.5334676,126.9558944,02-706-9282,매일 11:50 ~ 23:40,https://place.map.kakao.com/1904931573#review
치킨,굽네치킨 한성대점,1,7,1,서울 성북구 삼선교로2길 3,37.5878724,127.0063466,02-762-9294,매일 12:00 ~ 24:00,https://place.map.kakao.com/21656052#review
치킨,오븐마루 한성대점,3.8,4,1,서울 성북구 삼선교로 30,37.5878768,127.0090176,02-742-5992,,https://place.map.kakao.com/27347476#review
치킨,오븐마루 서울역서부점,0,0,1,서울 용산구 청파로89길 59 1층,37.5532623,126.9656049,02-715-9292,영업시간 매일 17:00 ~ 02:00,https://place.map.kakao.com/966059169#review
치킨,푸라닭치킨 세곡점,3.3,3,1,서울 강남구 자곡로 191,37.5172363,127.0473248,02-445-9206,,https://place.map.kakao.com/475142308#review
치킨,미쳐버린파닭 건대세종대점,1,1,1,서울 성동구 동일로 241,37.5531551,127.0699042,02-454-9992,,https://place.map.kakao.com/304828264#review
치킨,쌀라쌀라치킨 수색점,5,4,1,서울 은평구 은평터널로 6,37.5824813,126.895998,02-303-5255,,https://place.map.kakao.com/768164171#review
치킨,BHC치킨 신내점,2.3,3,1,서울 중랑구 용마산로 669 데시앙아파트상가 106호 ,37.6109183,127.0993235,02-3422-3800,매일 12:00 ~ 24:00,https://place.map.kakao.com/8093445#review
치킨,BBQ 세검정점,2.1,11,1,서울 종로구 세검정로 258-1,37.6014549,126.9611793,02-395-0707,매일 11:00 ~ 24:00,https://place.map.kakao.com/18899612#review
치킨,네네치킨 신림점,2.4,5,1,서울 관악구 문성로 215,37.4793863,126.9275585,02-889-4442,매일 11:00 ~ 01:00,https://place.map.kakao.com/13016391#review
치킨,땅땅치킨 신림점,5,1,1,서울 관악구 문성로 221 1층,37.4794658,126.928472,02-868-8882,매일 12:00 ~ 01:00,https://place.map.kakao.com/677794713#review
치킨,지코바 안암점,0,0,1,서울 성북구 보문로30가길 20,37.589141,127.0206805,02-6408-0031,,https://place.map.kakao.com/369164844#review
치킨,처갓집양념치킨 안암점,0,0,1,서울 성북구 고려대로13길 43,37.5967916,127.0340665,02-929-2975,,https://place.map.kakao.com/1706045270#review
치킨,BHC치킨 한강양화공원점,5,1,1,서울 영등포구 노들로 113 양화개나리점 2층,37.5444804,126.8933118,,,https://place.map.kakao.com/1921521413#review
치킨,BBQ 염창점,1.5,11,1,서울 강서구 양천로 623,37.554416,126.8672626,02-3662-9282,영업시간 매일 17:00 ~ 24:00,https://place.map.kakao.com/1068147074#review
치킨,푸라닭치킨 영등포점,2,5,1,서울 영등포구 경인로 877,37.5177495,126.9099861,02-2633-9206,,https://place.map.kakao.com/27338769#review
치킨,치키니즘 영등포점,5,3,1,서울 영등포구 버드나루로7길 3,37.5228821,126.9103074,02-2671-6255,매일 14:00 ~ 01:00,https://place.map.kakao.com/1523625082#review
치킨,처갓집양념치킨 영등포점,0,0,1,서울 영등포구 국회대로54길 10 아크로타워스퀘어 9동 102호,37.5244579,126.9076599,02-2675-7377,,https://place.map.kakao.com/159984960#review
치킨,또봉이통닭 서울영등포아크로타워점,2.3,4,1,서울 영등포구 국회대로54길 10,37.5244579,126.9076599,02-6369-0025,,https://place.map.kakao.com/159984960#review
치킨,누구나홀딱반한닭 당산점,4,1,1,서울 영등포구 영신로 228-6 한양아이클래스오피스텔,37.4791485,126.9503447,02-2633-2371,,https://place.map.kakao.com/27479483#review
치킨,양계장집아들 오정동점,0,0,1,경기 부천시 산업로 126,37.529713,126.7801447,032-677-6699,,https://place.map.kakao.com/1208927394#review
치킨,교촌치킨 오류1호점,4.8,6,1,서울 구로구 경인로 189-1,37.4954568,126.8420793,02-2060-9277,매일 12:00 ~ 24:00,https://place.map.kakao.com/1566212360#review
치킨,교촌치킨 천왕역점,2,12,1,서울 구로구 서해안로 2264 1층,37.4894578,126.8375855,02-2616-1991,매일 12:00 ~ 24:00,https://place.map.kakao.com/1566212360#review
치킨,불로만숯불바베큐 원종2점,0,0,1,경기 부천시 소사로835번길 7,37.5305971,126.8042874,032-671-3400,,https://place.map.kakao.com/21321518#review
치킨,귀남하이꼬꼬,3,1,1,서울 성동구 독서당로40길 39,37.5422885,127.0181535,02-2292-5242,,https://place.map.kakao.com/1857488877#review
치킨,가마치통닭 온수점,5,4,1,서울 구로구 부일로1길 11,37.4918532,126.8212693,02-2060-1230,,https://place.map.kakao.com/1548242907#review
치킨,둘둘치킨 온수역점,0,0,1,서울 구로구 경인로3길 77 세건빌딩 1층 6호,37.4917079,126.82357,,,https://place.map.kakao.com/10369573#review
치킨,자담치킨 서울용두점,5,2,1,서울 동대문구 무학로26길 21,37.5734495,127.0319338,02-927-5989,매일 14:00 ~ 24:00,https://place.map.kakao.com/15772665#review
치킨,굽네치킨 용산용문점,2.8,4,1,서울 용산구 새창로 119,37.5368426,126.9608758,02-711-9294,매일 11:00 ~ 03:00,https://place.map.kakao.com/12591793#review
치킨,교촌치킨 동부이촌점,2.3,11,1,서울 용산구 이촌로75길 22 오성상가 103호,37.520713,126.9745762,02-795-4747,매일 12:00 ~ 24:00,https://place.map.kakao.com/16299692#review
치킨,교촌치킨 우면점,3.6,9,1,서울 서초구 우면동 720 상가동 1층,37.4636675,127.0262012,02-577-9288,,https://place.map.kakao.com/1721820300#review
치킨,매드후라이치킨 우면점,5,1,1,서울 서초구 양재대로2길 100-11 1층,37.4644963,127.0417509,02-572-0910,매일 14:00 ~ 00:00,https://place.map.kakao.com/2100110759#review
치킨,BBQ 안국점,3,6,1,서울 종로구 창덕궁길 84,37.5811744,126.9893975,02-745-1676,매일 11:00 ~ 01:00,https://place.map.kakao.com/18903381#review
치킨,돈치킨 원효로점,5,1,1,서울 용산구 새창로 131-8,37.5357761,126.9618297,02-712-9492,,https://place.map.kakao.com/1659324326#review
치킨,멕시칸치킨 원효중앙점,0,0,1,서울 용산구 새창로 132,37.5356241,126.9612434,02-706-7890,,https://place.map.kakao.com/1659324326#review
치킨,맥스숯불바베큐치킨 원효로점,5,1,1,서울 용산구 원효로 75,37.5327071,126.9522313,02-701-9255,,https://place.map.kakao.com/279399164#review
치킨,BHC치킨 월계스타점,3.7,3,1,서울 노원구 초안산로2라길 19 201호,37.6314346,127.0576408,02-999-8292,,https://place.map.kakao.com/125798933#review
치킨,둘둘치킨 을지로4가점,5,1,1,서울 중구 을지로20길 10 2층,37.5659662,126.9952492,02-2265-5989,,https://place.map.kakao.com/11089581#review
치킨,BBQ 동대문점,1.3,3,1,서울 중구 을지로44길 6 1층,37.5658345,127.0065194,02-2272-0984,,https://place.map.kakao.com/410511589#review
치킨,푸라닭치킨 응봉점,2.3,6,1,서울 성동구 독서당로 384 1층 101호,37.5498491,127.0311323,02-2281-9206,매일 12:30 ~ 24:00,https://place.map.kakao.com/239426519#review
치킨,BHC치킨 이문점,4.4,7,1,서울 동대문구 이문로 164,37.6010596,127.0622437,02-959-9912,매일 12:00 ~ 24:00,https://place.map.kakao.com/437660159#review
치킨,교촌치킨 일원본동점,2.4,7,1,서울 강남구 광평로31길 27 삼성아파트상가 104호,37.4849079,127.0907386,02-2226-4080,매일 12:00 ~ 24:00,https://place.map.kakao.com/1170206628#review
치킨,호식이두마리치킨 장위점,5,2,1,서울 성북구 장월로38가길 17-6 1층,37.6171772,127.0521956,02-942-8855,매일 12:00 ~ 24:00,https://place.map.kakao.com/1278984441#review
치킨,교촌치킨 장지점,3.7,3,1,서울 송파구 새말로 167 1층,37.4853969,127.131315,02-403-9225,매일 12:00 ~ 24:00,https://place.map.kakao.com/790176691#review
치킨,교촌치킨 정릉1호점,3.1,13,1,서울 성북구 보국문로 72,37.6108249,127.0091911,02-909-3311,매일 12:00 ~ 23:00,https://place.map.kakao.com/2126261902#review
치킨,BHC치킨 고대역점,2.2,28,1,서울 동대문구 안암로 164 1층,37.5890525,127.0357604,02-925-2100,매일 11:00 ~ 23:45,https://place.map.kakao.com/424982024#review
치킨,교촌치킨 중계1호점,3.2,5,1,서울 노원구 한글비석로 245,37.649542,127.0763583,02-933-9992,매일 12:00 ~ 24:00,https://place.map.kakao.com/16589600#review
치킨,교촌치킨 증산점,4.4,8,1,서울 은평구 증산서길 65,37.5825951,126.9055112,02-376-9999,매일 12:00 ~ 24:00,https://place.map.kakao.com/8195181#review
치킨,한국통닭,0,0,1,서울 종로구 종로 304,37.5716314,127.0115241,010-3737-2443,,https://place.map.kakao.com/1155739247#review
치킨,또래오래 서대문역점,4,3,1,서울 서대문구 독립문로 46-1,37.5680859,126.9620855,02-393-8885,"토,일 12:00 ~ 23:00",https://place.map.kakao.com/15693893#review
치킨,페리카나 천왕점,4,2,1,서울 구로구 천왕로 56 천왕이펜하우스 3단지상가동 1층 102호,,,02-2685-9592,매일 11:30 ~ 01:00,https://place.map.kakao.com/14751492#review
치킨,호치킨 청량리점,3,2,1,서울 동대문구 홍릉로 71 1층,37.5864602,127.0428422,02-964-1160,매일 14:00 ~ 01:00,https://place.map.kakao.com/13062064#review
치킨,BHC치킨 숙대점,3.2,6,1,서울 용산구 청파로71길 5 1층,37.5491622,126.9694753,02-702-2292,매일 12:00 ~ 24:00,https://place.map.kakao.com/27607833#review
치킨,네네치킨 용산구숙대점,2,5,1,서울 용산구 청파로 333 1층 제8호 제9호,37.5493504,126.9695633,02-718-4479,매일 12:00 ~ 03:00,https://place.map.kakao.com/27276909#review
치킨,BBQ 만리점,1.4,10,1,서울 마포구 효창원로 247,37.5492708,126.9633537,02-715-6112,매일 11:00 ~ 23:00,https://place.map.kakao.com/21233013#review
치킨,네네치킨 을지로점,2.3,3,1,서울 중구 퇴계로51길 19,37.5639158,127.0014513,02-2275-9244,매일 12:00 ~ 03:00,https://place.map.kakao.com/27333832#review
치킨,서촌강정치킨 경복궁점,0,0,1,서울 종로구 자하문로 6,37.5780246,126.9727998,,,https://place.map.kakao.com/892509831#review
치킨,위드치킨,2.6,7,1,서울 종로구 평창문화로 86,37.6053351,126.9668582,02-394-9200,,https://place.map.kakao.com/25051549#review
치킨,바렌티나치킨비어 충무본점,0,0,1,서울 중구 퇴계로36길 31,37.5604814,126.9951247,02-2279-7988,,https://place.map.kakao.com/774254667#review
치킨,교촌치킨 하계1호점,3.2,6,1,서울 노원구 한글비석로 89 청구상가 201동 101호,37.6371388,127.0609039,02-976-4882,매일 12:00 ~ 24:00,https://place.map.kakao.com/16617677#review
치킨,BBQ 행당점,1.6,20,1,서울 성동구 무학봉길 53-1,37.5606368,127.028773,02-2299-6737,,https://place.map.kakao.com/1939894353#review
치킨,동근이숯불두마리치킨,0,0,1,서울 성북구 오패산로3길 146,37.6094796,127.0329756,,,https://place.map.kakao.com/2093066276#review
치킨,굽네치킨 신수점,1,1,1,서울 마포구 토정로18길 11,37.5431505,126.9351488,02-715-9492,매일 12:00 ~ 24:00,https://place.map.kakao.com/12591809#review
치킨,치킨주막 종로6가점,5,1,1,서울 종로구 종로35길 11,37.5716874,127.0038233,02-741-5610,매일 11:00 ~ 01:00,https://place.map.kakao.com/1550984384#review
치킨,BBQ 효창중앙점,2.3,3,1,서울 용산구 백범로 275,37.5400817,126.9599301,02-703-8292,,https://place.map.kakao.com/1325912533#review
치킨,BHC치킨 휘경점,0,0,1,서울 동대문구 한천로 264 1층 107호,37.5842639,127.0683488,02-6489-1123,,https://place.map.kakao.com/1034643626#review
치킨,교촌치킨 흑석1호점,2.2,18,1,"서울 동작구 흑석로 116 1층, 2층",37.5086567,126.9616421,02-814-3377,매일 12:00 ~ 24:00,https://place.map.kakao.com/13081848#review
치킨,BBQ 서울강일점,5,2,0,서울 강동구 아리수로93길 33-15 103호,37.5658595,127.1735373,02-427-9211,,https://place.map.kakao.com/1448673462#review
치킨,명가통닭 강일점,0,0,0,서울 강동구 아리수로93나길 50,37.5603879,127.1498654,02-3426-1122,,https://place.map.kakao.com/24578188#review
치킨,옛날통닭,0,0,0,서울 강동구 아리수로97길 20,37.5674967,127.1780664,,,https://place.map.kakao.com/24578188#review
치킨,호식이두마리치킨 강일점,0,0,0,서울 강동구 아리수로97길 68 상가동 105호,37.5693167,127.1762261,02-442-5778,매일 12:00 ~ 24:00,https://place.map.kakao.com/24578188#review
치킨,또래오래 방화점,0,0,0,서울 강서구 금낭화로23길 8 동성아파트상가 121호,37.5795421,126.8121795,02-2663-9333,매일 13:00 ~ 24:00,https://place.map.kakao.com/8740273#review
치킨,자담치킨 서울계동점,5,1,0,서울 종로구 계동길 17,37.5780632,126.9865775,02-765-7292,,https://place.map.kakao.com/10469895#review
치킨,BHC치킨 광나루점,1.5,14,0,서울 광진구 아차산로 499,37.5424859,127.0962615,02-444-1580,매일 12:00 ~ 24:00,https://place.map.kakao.com/13076706#review
치킨,둘둘치킨 서대문점,2.5,2,0,서울 종로구 통일로 148,37.5675225,126.9652402,02-736-2270,,https://place.map.kakao.com/1296092080#review
치킨,지코바 독립문점,0,0,0,서울 종로구 송월길 155 4107호,37.5707018,126.9647646,02-739-6997,,https://place.map.kakao.com/2087980227#review
치킨,치킨비어,5,1,0,서울 종로구 진흥로 460 1층,37.6066999,126.9590428,02-379-0275,,https://place.map.kakao.com/793893252#review
치킨,BBQ 구산동점,1.3,20,0,서울 은평구 서오릉로11길 26 1층,37.6102616,126.9140455,02-386-8255,매일 11:30 ~ 00:30,https://place.map.kakao.com/18902064#review
치킨,호아저씨치킨파네,4.8,6,0,서울 은평구 갈현로 156,37.6117607,126.9114776,02-388-9279,,https://place.map.kakao.com/218747802#review
치킨,BBQ 수궁점,0,0,0,서울 구로구 오리로 1286 1층 102호,37.4962405,126.8299895,,,https://place.map.kakao.com/18785462#review
치킨,OK브이치킨 궁동점,0,0,0,서울 구로구 부일로15길 26,37.4942807,126.8335325,02-2066-8829,,https://place.map.kakao.com/18785462#review
치킨,오공통파닭 궁동점,0,0,0,서울 구로구 부일로15길 13 1층,37.4937216,126.8337617,02-2689-8292,월~토 15:00 ~ 00:00,https://place.map.kakao.com/18785462#review
치킨,오븐두마리치킨 5학년2반 금호점,0,0,0,서울 성동구 금호로 145,37.5539343,127.0205234,02-6465-5020,,https://place.map.kakao.com/12642291#review
치킨,금호치킨,4.2,6,0,서울 성동구 금호산2길 30,37.5487539,127.0227708,02-2234-6719,,https://place.map.kakao.com/20610781#review
치킨,페리카나 금호역점,5,4,0,서울 성동구 독서당로 287,37.5479414,127.0209402,02-2238-6777,,https://place.map.kakao.com/18898753#review
치킨,BBQ 길음센터피스점,2.6,10,0,서울 성북구 숭인로 50 101동 상가 1101호,37.6124043,127.0272631,02-983-9282,,https://place.map.kakao.com/648711958#review
치킨,BBQ 가재울로점,4.8,14,0,서울 서대문구 가재울로 65 1층,37.575827,126.9209206,02-3152-8864,"월,수,목,금,토,일 11:00 ~ 23:50",https://place.map.kakao.com/296107551#review
치킨,달구꼬꼬,0,0,0,서울 서대문구 통일로 159,37.5681428,126.9639479,,,https://place.map.kakao.com/16044403#review
치킨,다동골뱅이치킨,4,2,0,서울 중구 남대문로9길 20,37.5668286,126.9813881,02-778-2935,,https://place.map.kakao.com/27597065#review
치킨,머스커비호프치킨,5,6,0,서울 영등포구 버드나루로23길 25 1층,37.5206585,126.9119857,02-2675-5229,영업시간 매일 17:00 ~ 00:00,https://place.map.kakao.com/13336805#review
치킨,BHC 선유도공원점,0,0,0,서울 영등포구 선유로 343,37.543569,126.8997156,010-6475-5971,,https://place.map.kakao.com/1885379343#review
치킨,가마치통닭 영등포점,4.8,4,0,"서울 영등포구 당산로 95 현대아파트상가 1층 105, 115호",37.52303,126.89582,02-2678-5544,,https://place.map.kakao.com/273172596#review
치킨,쌀통닭 당산역점,5,2,0,서울 영등포구 당산로45길 1 삼성쉐르빌 104호,37.5331542,126.9005585,02-2631-5235,매일 12:00 ~ 02:00,https://place.map.kakao.com/211459427#review
치킨,옛날통닭,4.3,3,0,서울 영등포구 양평로 26,37.5333523,126.903414,02-2634-2243,매일 13:30 ~ 00:30,https://place.map.kakao.com/12086942#review
치킨,후라이드참잘하는집 대림점,1,2,0,서울 영등포구 디지털로69가길 2 1층,37.4941294,126.9041132,02-832-2292,,https://place.map.kakao.com/12612406#review
치킨,굽네치킨 도림점,5,1,0,서울 영등포구 도림로112길 27,37.5094622,126.9030261,02-846-9595,매일 12:00 ~ 24:00,https://place.map.kakao.com/8222589#review
치킨,24시전설의치킨,0,0,0,서울 용산구 새창로14길 6,37.539085,126.9582829,,,https://place.map.kakao.com/871974185#review
치킨,타코야,0,0,0,서울 용산구 효창원로 56,37.5358162,126.955348,02-715-2003,,https://place.map.kakao.com/1450084158#review
치킨,교촌치킨 보광점,2,4,0,서울 용산구 장문로 81,37.5261589,126.998623,02-3785-1991,매일 12:00 ~ 24:00,https://place.map.kakao.com/10710865#review
치킨,참맛옛날통닭 동소문점,3.3,8,0,서울 성북구 아리랑로 38,37.5960919,127.0157336,02-925-3456,,https://place.map.kakao.com/1545213890#review
치킨,교촌치킨 한성대점,0,0,0,서울 성북구 동소문로 38 1층,37.5899718,127.0102082,02-928-7003,,https://place.map.kakao.com/622260271#review
치킨,참나무통닭,0,0,0,서울 성북구 동소문로2길 87,37.5895534,127.01049,,,https://place.map.kakao.com/27350575#review
치킨,화이트캡,5,1,0,서울 성북구 동소문로13길 39-36,37.592267,127.0104552,02-921-3076,,https://place.map.kakao.com/16500388#review
치킨,가마치통닭 돈암시장점,4.6,5,0,서울 성북구 동소문로20길 16-7 1층,37.5916433,127.0162531,,,https://place.map.kakao.com/1841045813#review
치킨,호식이두마리치킨 돈암점,0,0,0,서울 성북구 성북로4길 52,37.5947663,127.0104379,02-929-0678,매일 12:00 ~ 24:00,https://place.map.kakao.com/16705761#review
치킨,굽네치킨 둔촌2동점,4.2,5,0,서울 강동구 천호대로198길 12,37.5352259,127.1471032,02-476-9553,매일 12:00 ~ 24:00,https://place.map.kakao.com/26322835#review
치킨,BBQ 마장점,1,6,0,서울 성동구 마장로 299,37.5662237,127.0427265,02-2234-9282,매일 11:00 ~ 24:00,https://place.map.kakao.com/12025438#review
치킨,명가통닭,4,3,0,서울 성동구 마장로 283,37.5656077,127.0414281,02-2299-2220,,https://place.map.kakao.com/12025438#review
치킨,하림옛날통닭,0,0,0,서울 마포구 마포대로4나길 4,37.5373345,126.9454295,02-6404-1823,,https://place.map.kakao.com/435901079#review
치킨,마미스치킨 성균관대점,3.7,3,0,서울 종로구 명륜길 16,37.5881884,126.9959888,02-763-5153,,https://place.map.kakao.com/7855376#review
치킨,숯불닭바베큐 성대점,1,1,0,서울 종로구 성균관로 56,37.5875453,126.9967549,02-3673-3273,,https://place.map.kakao.com/16678257#review
치킨,BBQ 대학로명륜점,2.6,10,0,서울 종로구 성균관로 12-3,37.5841225,126.9979557,02-742-4442,매일 12:00 ~ 01:00,https://place.map.kakao.com/16645794#review
치킨,멕시카나치킨 성대대학로점,2,2,0,서울 종로구 명륜길 5 1층,37.5878398,126.9963196,02-765-4479,,https://place.map.kakao.com/1044897110#review
치킨,무교동치킨골뱅이,0,0,0,서울 중구 무교로 20,37.5675795,126.979552,,,https://place.map.kakao.com/10159791#review
치킨,맥주광장,0,0,0,서울 중구 무교로 12,37.5670039,126.9793617,,,https://place.map.kakao.com/10159791#review
치킨,자담치킨 퇴계로5가점,0,0,0,서울 중구 퇴계로50가길 2 평화빌딩 1층 101호,37.5642297,126.9881908,02-2274-9595,,https://place.map.kakao.com/1706669687#review
치킨,차이홍옛날통닭,0,0,0,서울 영등포구 도림로 485,37.5165425,126.8897136,,,https://place.map.kakao.com/595004617#review
치킨,BBQ 문래점,2.1,20,0,서울 영등포구 선유로 71 그대가상가 102호,37.5201378,126.8888628,02-2632-0366,매일 11:00 ~ 23:00,https://place.map.kakao.com/1918504811#review
치킨,굿앤닭,0,0,0,서울 서대문구 통일로 107-39 사조빌딩 5층,37.5642849,126.9659708,070-5001-1737,,https://place.map.kakao.com/12441964#review
치킨,OK치킨,0,0,0,서울 성북구 지봉로 180,37.5849211,127.0187985,,,https://place.map.kakao.com/1148350851#review
치킨,씨에이치오오케이치킨,0,0,0,서울 성북구 지봉로 180,37.5849211,127.0187985,,,https://place.map.kakao.com/23281366#review
치킨,뉴멕시칸 보문점,0,0,0,서울 성북구 보문로 103,37.5843396,127.0196236,02-929-1999,,https://place.map.kakao.com/213075884#review
치킨,보문동치킨,5,1,0,서울 성북구 고려대로2길 45,37.589116,127.0182146,02-921-9090,,https://place.map.kakao.com/79802966#review
치킨,BHC치킨 신설점,2.4,8,0,서울 성북구 보문로13길 21,37.5797637,127.0208701,02-953-5522,매일 12:00 ~ 24:00,https://place.map.kakao.com/17893699#review
치킨,씨에치오오케이치킨물류센타,0,0,0,서울 성북구 지봉로24길 36,37.583494,127.0195656,,,https://place.map.kakao.com/23293164#review
치킨,네네치킨 서울성북구보문점,3,2,0,서울 성북구 보문로 47,37.5796184,127.0221468,02-922-0118,,https://place.map.kakao.com/8232600#review
치킨,노들치킨,3,2,0,서울 동작구 노량진로26길 5 1층,37.5119779,126.9543841,02-815-0368,매일 14:00 ~ 22:00,https://place.map.kakao.com/88025581#review
치킨,나라라파닭치킨 본동점,0,0,0,서울 동작구 노량진로 228,37.5124155,126.9513058,070-4269-5331,,https://place.map.kakao.com/12796987#review
치킨,체리부로 서울지역총판,0,0,0,서울 동작구 노량진로22길 31,37.5113138,126.9506233,,,https://place.map.kakao.com/21134410#review
치킨,옛날산골두마리통닭,0,0,0,서울 서대문구 북아현로 20,37.5643915,126.9552326,02-392-2101,,https://place.map.kakao.com/1259612619#review
치킨,치킨마루 아현역점,3.8,5,0,서울 서대문구 신촌로37안길 7,37.557825,126.9564692,02-362-9303,,https://place.map.kakao.com/1259612619#review
치킨,BHC치킨 불광초교점,4.1,9,0,서울 은평구 통일로68길 15,37.6127751,126.9301854,02-353-9290,매일 12:00 ~ 24:00,https://place.map.kakao.com/1240828186#review
치킨,BBQ 한성대역점,0,0,0,서울 성북구 삼선교로10길 10,37.5874176,127.0089467,02-765-9282,,https://place.map.kakao.com/2061471724#review
치킨,치킨마루 한성대점,0,0,0,서울 성북구 삼선교로10길 25,37.5869263,127.0095601,02-741-9544,,https://place.map.kakao.com/26624179#review
치킨,맥반석통닭구이,0,0,0,서울 성북구 삼선교로10길 33,37.5866258,127.0097294,02-744-2739,,https://place.map.kakao.com/15816435#review
치킨,전설의옛날통닭 신림점,0,0,0,서울 관악구 호암로 528 1층,37.4647145,126.9317212,02-871-3963,,https://place.map.kakao.com/1073702875#review
치킨,맥시칸치킨 삼성산점,4,1,0,서울 관악구 신림동 1713,37.4638008,126.9267502,02-882-7702,,https://place.map.kakao.com/21235167#review
치킨,동키치킨 삼전점,5,2,0,서울 송파구 백제고분로21길 8,37.5045617,127.0900447,02-413-5378,,https://place.map.kakao.com/21289693#review
치킨,BBQ 자곡행운점,3.1,9,0,서울 강남구 자곡로 191 지하1층 B05호,37.474172,127.0950243,02-2226-8292,매일 12:00 ~ 01:00,https://place.map.kakao.com/475142308#review
치킨,바른치킨 서대문점,5,2,0,서울 서대문구 통일로11길 10-1 1층,37.5692105,126.9624038,02-363-5851,,https://place.map.kakao.com/1347179125#review
치킨,멕시칸치킨 송정1분점,5,2,0,서울 성동구 송정14길 12,37.5511029,127.067561,02-468-3123,,https://place.map.kakao.com/304828264#review
치킨,정신나간파닭,0,0,0,서울 성동구 광나루로9길 3 1층,37.5485023,127.0636653,050-7957-5522,,https://place.map.kakao.com/304828264#review
치킨,옛날통닭,0,0,0,서울 은평구 은평터널로 3,37.5825708,126.8956445,02-303-9291,,https://place.map.kakao.com/15708903#review
치킨,둘둘치킨 전자상가점,5,1,0,서울 용산구 새창로45길 3,37.534501,126.9625296,02-702-5030,,https://place.map.kakao.com/10373378#review
치킨,호식이두마리치킨 공덕점,0,0,0,서울 마포구 신공덕동 159 상가2동 1층 113호,37.5464743,126.9581687,02-712-8788,,https://place.map.kakao.com/162830735#review
치킨,치킨골드스타 광화문점,0,0,0,서울 종로구 새문안로9길 9,37.5706071,126.9759222,02-722-9282,,https://place.map.kakao.com/794583716#review
치킨,호식이두마리치킨 신림점,5,6,0,서울 관악구 남부순환로153길 53 1층,37.4846155,126.9153603,02-855-9923,,https://place.map.kakao.com/912103763#review
치킨,치킨타운,0,0,0,서울 종로구 진흥로 492-1,37.6044682,126.9609029,02-396-9289,,https://place.map.kakao.com/15788701#review
치킨,양동시장통닭,0,0,0,서울 관악구 신원로 3,37.4820479,126.9264142,,,https://place.map.kakao.com/677794713#review
치킨,교촌치킨 신월1호점,3,4,0,서울 양천구 신월로 200,37.5200424,126.8448375,02-2606-1992,,https://place.map.kakao.com/2014872263#review
치킨,BHC치킨 창동점,4.6,7,0,서울 도봉구 도봉로121가길 4,37.6519529,127.0355687,02-992-9282,매일 12:00 ~ 24:00,https://place.map.kakao.com/2052566064#review
치킨,BHC치킨 아현점,3.7,3,0,서울 마포구 손기정로 29,37.556962,126.961709,02-365-1253,매일 12:00 ~ 24:00,https://place.map.kakao.com/8186226#review
치킨,꼬꼬치킨,0,0,0,서울 성북구 고려대로 36-1 1층,37.589116,127.0182146,02-924-7574,,https://place.map.kakao.com/11018924#review
치킨,뜨레봉두마리치킨 본사직영점,0,0,0,서울 영등포구 양산로 34,37.5252099,126.8867795,02-3667-5452,,https://place.map.kakao.com/627128028#review
치킨,훌랄라숯불치킨 당산역점,5,1,0,서울 영등포구 선유동2로 73,37.5350793,126.8984419,02-2671-9977,영업시간 월~토 16:00 ~ 24:00,https://place.map.kakao.com/394972486#review
치킨,닭이네,3,2,0,서울 영등포구 양평로22사길 1,37.5404692,126.895734,,,https://place.map.kakao.com/40009800#review
치킨,와그너치킨,0,0,0,서울 강서구 양천로 731,37.5496273,126.8777658,,,https://place.map.kakao.com/514579645#review
치킨,푸라닭치킨 역촌점,5,3,0,서울 은평구 연서로4길 10 1층,37.602365,126.9169848,02-383-9206,매일 12:00 ~ 23:30,https://place.map.kakao.com/27197008#review
치킨,페리카나 이화동점,2,2,0,서울 종로구 대학로 52,37.5757108,127.0023614,02-745-0233,,https://place.map.kakao.com/389193131#review
치킨,BHC치킨 서초내곡점,4.2,5,0,서울 서초구 헌릉로8길 9-8,37.4609151,127.0592102,02-578-5588,매일 15:00 ~ 23:00,https://place.map.kakao.com/26590236#review
치킨,트랜드치킨,0,0,0,서울 서초구 헌릉로 176,37.4609151,127.0592102,,,https://place.map.kakao.com/2019432115#review
치킨,옛날통닭,4.7,7,0,서울 마포구 큰우물로 53,37.5422308,126.9446171,02-715-2243,매일 14:00 ~ 24:00,https://place.map.kakao.com/1469951293#review
치킨,오앤비치킨 영등포6가점,0,0,0,서울 영등포구 영등포로35길 9,37.5209564,126.9040513,02-2679-1412,,https://place.map.kakao.com/2107077435#review
치킨,공만치킨 영등포점,5,2,0,서울 영등포구 국회대로54길 10 12동 1층 3호,37.5244579,126.9076599,02-3667-1195,,https://place.map.kakao.com/159984960#review
치킨,네네치킨 영등포푸르지오점,1.3,4,0,서울 영등포구 양산로 177,37.5238492,126.902648,02-842-4493,,https://place.map.kakao.com/159984960#review
치킨,유앤미치킨 영등포점,0,0,0,서울 영등포구 영중로42길 5,37.5284627,126.9064565,02-2631-0030,,https://place.map.kakao.com/18306680#review
치킨,미쳐버린파닭 오류동점,0,0,0,서울 구로구 오류로8길 93 1층,37.4932472,126.8449937,02-2615-2782,매일 11:30 ~ 24:00,https://place.map.kakao.com/18546039#review
치킨,칠성통닭,5,1,0,서울 서대문구 영천시장길 64,37.5696363,126.9623572,,,https://place.map.kakao.com/773924963#review
치킨,치킨마루 온수우신점,0,0,0,서울 구로구 부일로9길 69 105호,37.4956152,126.824994,02-856-8787,,https://place.map.kakao.com/709198564#review
치킨,썬더치킨 온수역점,4.5,2,0,서울 구로구 경인로3길 86,37.4917629,126.8230563,02-2616-3319,,https://place.map.kakao.com/17066350#review
치킨,둘마니치킨온수점,5,2,0,서울 구로구 부일로9길 135,37.4968899,126.8218008,02-2611-2282,,https://place.map.kakao.com/130471222#review
치킨,바비큐보스 온수남부점,0,0,0,서울 구로구 경인로3길 69 금영빌딩 1층,37.5286495,126.9196152,02-2686-9199,,https://place.map.kakao.com/130471222#review
치킨,충주닭집,0,0,0,서울 양천구 화곡로3길 4,37.539764,126.8269912,02-2604-8012,,https://place.map.kakao.com/9443115#review
치킨,치킨사냥 신월직영점,0,0,0,서울 양천구 화곡로 50,37.5391278,126.8274379,02-2695-8292,,https://place.map.kakao.com/9443115#review
치킨,굽네치킨 종로4가점,2.2,6,0,서울 종로구 창경궁로 113 1층,37.5725713,126.9974302,02-747-9294,,https://place.map.kakao.com/12054650#review
치킨,1인1닭 원효마포점,0,0,0,서울 용산구 원효로 129 1층,37.5338535,126.9574629,02-711-2322,,https://place.map.kakao.com/1756010248#review
치킨,투마리치킨 원효점,0,0,0,서울 용산구 원효로 123-11,37.5335057,126.9565445,,,https://place.map.kakao.com/1902340141#review
치킨,이로네,0,0,0,서울 용산구 원효로 129,37.5338535,126.9574629,,,https://place.map.kakao.com/1902340141#review
치킨,멕시카나치킨 세곡점,4.5,2,0,서울 강남구 밤고개로26길 50 6단지 상가 102호,37.468115,127.1053794,02-451-8292,화~토 12:00 ~ 24:00,https://place.map.kakao.com/629884706#review
치킨,쭈노치킨&비어 무교점,0,0,0,서울 중구 남대문로9길 51 2층,37.5667752,126.9794837,02-755-8593,,https://place.map.kakao.com/929573153#review
치킨,깐부치킨 을지트윈타워점,0,0,0,서울 중구 을지로 170 을지트윈타워 1층 116호,37.5663672,126.9972852,02-3706-7288,,https://place.map.kakao.com/77180520#review
치킨,리킨치킨,1,1,0,서울 중구 동호로 361,37.566537,127.0018872,,,https://place.map.kakao.com/8963471#review
치킨,건능골 숯불바베큐,0,0,0,서울 중구 을지로38길 28-1,37.5654461,127.0031978,02-2267-5024,,https://place.map.kakao.com/23211166#review
치킨,을지통닭,5,1,0,서울 중구 퇴계로 343-6,37.5649743,127.0098791,02-2272-2188,,https://place.map.kakao.com/96913512#review
치킨,처갓집양념치킨 응봉점,1,1,0,서울 성동구 독서당로60길 5 1층,37.5494537,127.0311532,02-2293-3600,,https://place.map.kakao.com/18919064#review
치킨,치킨주막 응봉점,0,0,0,서울 성동구 고산자로2길 6-6,37.5519843,127.0358274,02-2292-9393,,https://place.map.kakao.com/572381498#review
치킨,또래오래 행당점,0,0,0,서울 성동구 고산자로6가길 44,37.5564363,127.0357146,02-2299-3893,,https://place.map.kakao.com/15959523#review
치킨,BBQ 장위행복점,1,2,0,서울 성북구 장위로 64,37.6137755,127.0435603,02-911-3003,,https://place.map.kakao.com/1278984441#review
치킨,홀린닭,0,0,0,서울 중구 장충단로 177 2층,37.5607321,127.0055843,070-4140-8699,,https://place.map.kakao.com/1778848173#review
치킨,치킨하우스,2,1,0,서울 종로구 북촌로 6,37.5803815,126.9861024,02-762-4957,,https://place.map.kakao.com/1282730960#review
치킨,교촌치킨 정릉2호점,1.4,15,0,서울 성북구 정릉로31길 32,37.6038708,127.0152348,02-912-1333,매일 12:00 ~ 24:00,https://place.map.kakao.com/2126261902#review
치킨,굽네치킨 종암점,5,1,0,서울 성북구 종암로19길 46 103호,37.5980302,127.032211,02-953-9192,매일 13:00 ~ 24:00,https://place.map.kakao.com/1875054588#review
치킨,서울통닭,0,0,0,서울 용산구 서빙고로75길 17,37.5219883,126.9967454,,,https://place.map.kakao.com/20949978#review
치킨,호식이두마리치킨 보광점,2,2,0,서울 용산구 장문로 90-1 1층,37.5259371,126.9995616,02-790-5399,,https://place.map.kakao.com/1595056162#review
치킨,BHC치킨 상계역점,5,5,0,서울 노원구 덕릉로87길 13,37.6606132,127.0749008,02-952-5077,,https://place.map.kakao.com/16589600#review
치킨,BBQ 마포가좌역점,5,1,0,서울 마포구 성암로3길 21,37.5685571,126.9112611,02-306-9200,,https://place.map.kakao.com/1967433082#review
치킨,페리카나 성산동점,0,0,0,서울 마포구 월드컵북로 230,37.5700958,126.9038297,02-307-9044,매일 11:30 ~ 24:00,https://place.map.kakao.com/8117670#review
치킨,살로만치킨 성산1호점,0,0,0,서울 마포구 성암로11길 9,37.573594,126.9027121,,,https://place.map.kakao.com/27120587#review
치킨,맛있는파닭,0,0,0,서울 마포구 중동 218-1,37.5679446,126.9108896,02-373-8899,,https://place.map.kakao.com/27120587#review
치킨,굽모닝 닭오리숯불바베큐,0,0,0,서울 은평구 증산로13길 10,37.588115,126.911762,02-302-9249,,https://place.map.kakao.com/1490919153#review
치킨,BHC치킨 마포창전점,1.3,15,0,서울 마포구 서강로11길 11,37.5533238,126.9327245,02-322-0988,매일 12:00 ~ 24:00,https://place.map.kakao.com/17723918#review
치킨,사나운치킨,0,0,0,서울 구로구 천왕동 156-21,37.4809187,126.8392386,02-2616-2050,,https://place.map.kakao.com/1421736524#review
치킨,쭈노치킨가게 충무로가게,0,0,0,서울 중구 마른내로 43,37.5645022,126.9926292,02-2279-5977,,https://place.map.kakao.com/10622991#review
치킨,더맛존숯불바베큐 충무로점,0,0,0,서울 중구 퇴계로27길 39,37.5629085,126.991186,02-2277-5424,,https://place.map.kakao.com/1743530741#review
치킨,오마이치킨 충무로점,0,0,0,서울 중구 충무로2길 35,37.5623789,126.9951162,,,https://place.map.kakao.com/21568901#review
치킨,깻잎떡볶이&꿀맛치킨,0,0,0,서울 종로구 율곡로22길 24 1호,37.5741543,127.0055123,02-766-3648,,https://place.map.kakao.com/1373289973#review
치킨,BHC치킨 종로행복점,2.1,7,0,서울 종로구 율곡로14길 48 1층,37.5739994,127.0036046,02-742-3300,매일 12:00 ~ 24:00,https://place.map.kakao.com/1052329924#review
치킨,처갓집양념치킨 북아현점,3,2,0,서울 서대문구 경기대로9길 81 1층 103호,37.5643904,126.9596896,02-364-9282,,https://place.map.kakao.com/27392117#review
치킨,둘둘치킨 시청점,0,0,0,서울 중구 서소문로 134-5 유풍빌딩 1층,37.5635262,126.9760599,02-752-9537,,https://place.map.kakao.com/9102705#review
치킨,계타는날치킨,5,3,0,서울 종로구 자하문로 53-1,37.5807115,126.9708657,,,https://place.map.kakao.com/10964878#review
치킨,낭만치킨 서대문점,0,0,0,서울 종로구 경교장길 35 1층 3134호,37.6081638,126.9575886,02-725-6838,매일 16:00 ~ 02:00,https://place.map.kakao.com/270101134#review
치킨,BHC치킨 풍납올림픽공원점,5,3,0,서울 송파구 올림픽로47길 11 1층,37.5279766,127.1175051,02-3784-5298,매일 12:00 ~ 24:00,https://place.map.kakao.com/910711496#review
치킨,처갓집양념치킨 충무로점,5,1,0,서울 중구 퇴계로 179-1,37.5612386,126.9918842,02-2285-3685,,https://place.map.kakao.com/148249699#review
치킨,또봉이통닭 서울경북궁점,0,0,0,서울 종로구 사직로 97,37.5762699,126.9695841,02-737-0704,,https://place.map.kakao.com/33311358#review
치킨,교촌치킨 동덕여대점,4.3,8,0,서울 성북구 화랑로 103,37.603668,127.0430362,02-913-8292,매일 12:00 ~ 24:00,https://place.map.kakao.com/2093066276#review
치킨,옛날통닭,3,1,0,서울 성북구 화랑로11길 8,37.6026714,127.0415949,02-943-9989,"토,일 12:30 ~ 23:30",https://place.map.kakao.com/2093066276#review
치킨,옛날통닭 항동점,5,2,0,서울 구로구 서해안로 2098,37.4949686,126.8506153,010-6502-2266,매일 11:00 ~ 23:00,https://place.map.kakao.com/228056600#review
치킨,BHC치킨 항동점,0,0,0,서울 구로구 항동 100-11 중흥S클래스 단지내상가2동 103호,37.4815889,126.8205735,02-3666-9997,매일 12:00 ~ 00:00,https://place.map.kakao.com/730936976#review
치킨,치킨맨도롱,0,0,0,서울 구로구 항동로 8,37.475909,126.8186119,02-2682-1213,,https://place.map.kakao.com/16681956#review
치킨,페리카나 신수동점,5,1,0,서울 마포구 토정로 240 상가 1-1호,37.5430187,126.9369214,02-713-1888,매일 11:00 ~ 00:30,https://place.map.kakao.com/8115362#review
치킨,굿모닝살로만치킨 서강점,0,0,0,서울 마포구 토정로14길 38,37.5440717,126.9312054,02-718-8292,,https://place.map.kakao.com/259748753#review
치킨,넘버원위드치킨,5,3,0,서울 마포구 토정로 223,37.5446695,126.9357301,02-706-9999,,https://place.map.kakao.com/259748753#review
치킨,치킨펍,0,0,0,서울 종로구 통일로 272,37.5760891,126.9563819,02-722-4511,,https://place.map.kakao.com/20538983#review
치킨,BHC치킨 홍은점,1.9,9,0,서울 서대문구 포방터길 44,37.5985701,126.949108,02-3216-9795,매일 12:00 ~ 24:00,https://place.map.kakao.com/1036820213#review
치킨,페리카나 영천시장점,3,2,0,서울 서대문구 통일로 175,37.5693076,126.9628938,02-312-1719,매일 12:00 ~ 01:00,https://place.map.kakao.com/1816906331#review
치킨,옛날통닭,0,0,0,서울 중구 퇴계로87길 3-8 1층,37.5660797,127.0208806,02-2232-3777,화~일 14:00 ~ 00:00,https://place.map.kakao.com/564790227#review
치킨,돈치킨 왕십리점,0,0,0,서울 중구 난계로 171,37.5668334,127.0233305,02-2231-3773,,https://place.map.kakao.com/564790227#review
치킨,브라운치킨,0,0,0,서울 중구 퇴계로10길 24,37.5584208,126.9807397,02-755-0658,,https://place.map.kakao.com/40227069#review
치킨,루치다윙스,3.5,2,0,서울 중구 퇴계로 114,37.5605014,126.9842993,,,https://place.map.kakao.com/16984136#review
치킨,총각네옛날통닭,4.9,9,0,서울 용산구 백범로 313,37.5387966,126.9639117,010-9033-8292,,https://place.map.kakao.com/783519235#review
치킨,멕시칸치킨 효창중앙점,3.7,7,0,서울 용산구 효창원로69길 5,37.5414222,126.9615477,02-3272-4774,,https://place.map.kakao.com/8358840#review